<?xml version="1.0" encoding="UTF-8" standalone="no"?><instance><presentation format="XCSP 2.1_FRODO" maxConstraint="6" maximize="false" name="13BusD5_exp"/><agents nbAgents="13"><agent name="A1"/><agent name="A2"/><agent name="A3"/><agent name="A4"/><agent name="A5"/><agent name="A6"/><agent name="A7"/><agent name="A8"/><agent name="A9"/><agent name="A10"/><agent name="A11"/><agent name="A12"/><agent name="A13"/></agents><domains nbDomains="50"><domain name="PgCap1" nbValues="5">0..4</domain><domain name="PgCap2" nbValues="5">0..4</domain><domain name="PgCap3" nbValues="5">0..4</domain><domain name="PgCap4" nbValues="5">0..4</domain><domain name="PgCap5" nbValues="5">0..4</domain><domain name="PgCap6" nbValues="5">0..4</domain><domain name="PgCap7" nbValues="5">0..4</domain><domain name="PgCap8" nbValues="5">0..4</domain><domain name="PgCap9" nbValues="5">0..4</domain><domain name="PgCap10" nbValues="5">0..4</domain><domain name="PgCap11" nbValues="5">0..4</domain><domain name="PgCap12" nbValues="5">0..4</domain><domain name="PgCap13" nbValues="5">0..4</domain><domain name="PlCap1" nbValues="5">0..4</domain><domain name="PlCap2" nbValues="5">0..4</domain><domain name="PlCap3" nbValues="5">0..4</domain><domain name="PlCap4" nbValues="5">0..4</domain><domain name="PlCap5" nbValues="5">0..4</domain><domain name="PlCap6" nbValues="5">0..4</domain><domain name="PlCap7" nbValues="5">0..4</domain><domain name="PlCap8" nbValues="5">0..4</domain><domain name="PlCap9" nbValues="5">0..4</domain><domain name="PlCap10" nbValues="5">0..4</domain><domain name="PlCap11" nbValues="5">0..4</domain><domain name="PlCap12" nbValues="5">0..4</domain><domain name="PlCap13" nbValues="5">0..4</domain><domain name="PtCap12" nbValues="5">-2..2</domain><domain name="PtCap21" nbValues="5">-2..2</domain><domain name="PtCap23" nbValues="5">-2..2</domain><domain name="PtCap32" nbValues="5">-2..2</domain><domain name="PtCap36" nbValues="5">-2..2</domain><domain name="PtCap39" nbValues="5">-2..2</domain><domain name="PtCap34" nbValues="5">-2..2</domain><domain name="PtCap43" nbValues="5">-2..2</domain><domain name="PtCap45" nbValues="5">-2..2</domain><domain name="PtCap54" nbValues="5">-2..2</domain><domain name="PtCap63" nbValues="5">-2..2</domain><domain name="PtCap78" nbValues="5">-2..2</domain><domain name="PtCap87" nbValues="5">-2..2</domain><domain name="PtCap89" nbValues="5">-2..2</domain><domain name="PtCap812" nbValues="5">-2..2</domain><domain name="PtCap93" nbValues="5">-2..2</domain><domain name="PtCap98" nbValues="5">-2..2</domain><domain name="PtCap913" nbValues="5">-2..2</domain><domain name="PtCap910" nbValues="5">-2..2</domain><domain name="PtCap1011" nbValues="5">-2..2</domain><domain name="PtCap109" nbValues="5">-2..2</domain><domain name="PtCap1110" nbValues="5">-2..2</domain><domain name="PtCap128" nbValues="5">-2..2</domain><domain name="PtCap139" nbValues="5">-2..2</domain></domains><variables nbVariables="50"><variable agent="A1" domain="PgCap1" name="pg1"/><variable agent="A2" domain="PgCap2" name="pg2"/><variable agent="A3" domain="PgCap3" name="pg3"/><variable agent="A4" domain="PgCap4" name="pg4"/><variable agent="A5" domain="PgCap5" name="pg5"/><variable agent="A6" domain="PgCap6" name="pg6"/><variable agent="A7" domain="PgCap7" name="pg7"/><variable agent="A8" domain="PgCap8" name="pg8"/><variable agent="A9" domain="PgCap9" name="pg9"/><variable agent="A10" domain="PgCap10" name="pg10"/><variable agent="A11" domain="PgCap11" name="pg11"/><variable agent="A12" domain="PgCap12" name="pg12"/><variable agent="A13" domain="PgCap13" name="pg13"/><variable agent="A1" domain="PlCap1" name="pl1"/><variable agent="A2" domain="PlCap2" name="pl2"/><variable agent="A3" domain="PlCap3" name="pl3"/><variable agent="A4" domain="PlCap4" name="pl4"/><variable agent="A5" domain="PlCap5" name="pl5"/><variable agent="A6" domain="PlCap6" name="pl6"/><variable agent="A7" domain="PlCap7" name="pl7"/><variable agent="A8" domain="PlCap8" name="pl8"/><variable agent="A9" domain="PlCap9" name="pl9"/><variable agent="A10" domain="PlCap10" name="pl10"/><variable agent="A11" domain="PlCap11" name="pl11"/><variable agent="A12" domain="PlCap12" name="pl12"/><variable agent="A13" domain="PlCap13" name="pl13"/><variable agent="A1" domain="PtCap12" name="pt12"/><variable agent="A2" domain="PtCap21" name="pt21"/><variable agent="A2" domain="PtCap23" name="pt23"/><variable agent="A3" domain="PtCap32" name="pt32"/><variable agent="A3" domain="PtCap36" name="pt36"/><variable agent="A3" domain="PtCap39" name="pt39"/><variable agent="A3" domain="PtCap34" name="pt34"/><variable agent="A4" domain="PtCap43" name="pt43"/><variable agent="A4" domain="PtCap45" name="pt45"/><variable agent="A5" domain="PtCap54" name="pt54"/><variable agent="A6" domain="PtCap63" name="pt63"/><variable agent="A7" domain="PtCap78" name="pt78"/><variable agent="A8" domain="PtCap87" name="pt87"/><variable agent="A8" domain="PtCap89" name="pt89"/><variable agent="A8" domain="PtCap812" name="pt812"/><variable agent="A9" domain="PtCap93" name="pt93"/><variable agent="A9" domain="PtCap98" name="pt98"/><variable agent="A9" domain="PtCap913" name="pt913"/><variable agent="A9" domain="PtCap910" name="pt910"/><variable agent="A10" domain="PtCap1011" name="pt1011"/><variable agent="A10" domain="PtCap109" name="pt109"/><variable agent="A11" domain="PtCap1110" name="pt1110"/><variable agent="A12" domain="PtCap128" name="pt128"/><variable agent="A13" domain="PtCap139" name="pt139"/></variables><relations nbRelations="32"><relation arity="2" defaultCost="infinity" name="EQO" nbTuples="5" semantics="soft">0: -2 2| -1 1| 0 0| 1 -1| 2 -2</relation><relation arity="2" defaultCost="infinity" name="BALANCE0" nbTuples="5" semantics="soft">0:  0 0 |  1 1 |  2 2 |  3 3 |  4 4 </relation><relation arity="3" defaultCost="infinity" name="BALANCE1" nbTuples="19" semantics="soft">0:  0 0 0|  0 1 -1|  0 2 -2|  1 0 1|  1 1 0|  1 2 -1|  1 3 -2|  2 0 2|  2 1 1|  2 2 0|  2 3 -1|  2 4 -2|  3 1 2|  3 2 1|  3 3 0|  3 4 -1|  4 2 2|  4 3 1|  4 4 0</relation><relation arity="4" defaultCost="infinity" name="BALANCE2" nbTuples="85" semantics="soft">0:  0 0 -2 2|  0 0 -1 1|  0 0 0 0|  0 0 1 -1|  0 0 2 -2|  0 1 -2 1|  0 1 -1 0|  0 1 0 -1|  0 1 1 -2|  0 2 -2 0|  0 2 -1 -1|  0 2 0 -2|  0 3 -2 -1|  0 3 -1 -2|  0 4 -2 -2|  1 0 -1 2|  1 0 0 1|  1 0 1 0|  1 0 2 -1|  1 1 -2 2|  1 1 -1 1|  1 1 0 0|  1 1 1 -1|  1 1 2 -2|  1 2 -2 1|  1 2 -1 0|  1 2 0 -1|  1 2 1 -2|  1 3 -2 0|  1 3 -1 -1|  1 3 0 -2|  1 4 -2 -1|  1 4 -1 -2|  2 0 0 2|  2 0 1 1|  2 0 2 0|  2 1 -1 2|  2 1 0 1|  2 1 1 0|  2 1 2 -1|  2 2 -2 2|  2 2 -1 1|  2 2 0 0|  2 2 1 -1|  2 2 2 -2|  2 3 -2 1|  2 3 -1 0|  2 3 0 -1|  2 3 1 -2|  2 4 -2 0|  2 4 -1 -1|  2 4 0 -2|  3 0 1 2|  3 0 2 1|  3 1 0 2|  3 1 1 1|  3 1 2 0|  3 2 -1 2|  3 2 0 1|  3 2 1 0|  3 2 2 -1|  3 3 -2 2|  3 3 -1 1|  3 3 0 0|  3 3 1 -1|  3 3 2 -2|  3 4 -2 1|  3 4 -1 0|  3 4 0 -1|  3 4 1 -2|  4 0 2 2|  4 1 1 2|  4 1 2 1|  4 2 0 2|  4 2 1 1|  4 2 2 0|  4 3 -1 2|  4 3 0 1|  4 3 1 0|  4 3 2 -1|  4 4 -2 2|  4 4 -1 1|  4 4 0 0|  4 4 1 -1|  4 4 2 -2</relation><relation arity="5" defaultCost="infinity" name="BALANCE3" nbTuples="381" semantics="soft">0:  0 0 -2 0 2|  0 0 -2 1 1|  0 0 -2 2 0|  0 0 -1 -1 2|  0 0 -1 0 1|  0 0 -1 1 0|  0 0 -1 2 -1|  0 0 0 -2 2|  0 0 0 -1 1|  0 0 0 0 0|  0 0 0 1 -1|  0 0 0 2 -2|  0 0 1 -2 1|  0 0 1 -1 0|  0 0 1 0 -1|  0 0 1 1 -2|  0 0 2 -2 0|  0 0 2 -1 -1|  0 0 2 0 -2|  0 1 -2 -1 2|  0 1 -2 0 1|  0 1 -2 1 0|  0 1 -2 2 -1|  0 1 -1 -2 2|  0 1 -1 -1 1|  0 1 -1 0 0|  0 1 -1 1 -1|  0 1 -1 2 -2|  0 1 0 -2 1|  0 1 0 -1 0|  0 1 0 0 -1|  0 1 0 1 -2|  0 1 1 -2 0|  0 1 1 -1 -1|  0 1 1 0 -2|  0 1 2 -2 -1|  0 1 2 -1 -2|  0 2 -2 -2 2|  0 2 -2 -1 1|  0 2 -2 0 0|  0 2 -2 1 -1|  0 2 -2 2 -2|  0 2 -1 -2 1|  0 2 -1 -1 0|  0 2 -1 0 -1|  0 2 -1 1 -2|  0 2 0 -2 0|  0 2 0 -1 -1|  0 2 0 0 -2|  0 2 1 -2 -1|  0 2 1 -1 -2|  0 2 2 -2 -2|  0 3 -2 -2 1|  0 3 -2 -1 0|  0 3 -2 0 -1|  0 3 -2 1 -2|  0 3 -1 -2 0|  0 3 -1 -1 -1|  0 3 -1 0 -2|  0 3 0 -2 -1|  0 3 0 -1 -2|  0 3 1 -2 -2|  0 4 -2 -2 0|  0 4 -2 -1 -1|  0 4 -2 0 -2|  0 4 -1 -2 -1|  0 4 -1 -1 -2|  0 4 0 -2 -2|  1 0 -2 1 2|  1 0 -2 2 1|  1 0 -1 0 2|  1 0 -1 1 1|  1 0 -1 2 0|  1 0 0 -1 2|  1 0 0 0 1|  1 0 0 1 0|  1 0 0 2 -1|  1 0 1 -2 2|  1 0 1 -1 1|  1 0 1 0 0|  1 0 1 1 -1|  1 0 1 2 -2|  1 0 2 -2 1|  1 0 2 -1 0|  1 0 2 0 -1|  1 0 2 1 -2|  1 1 -2 0 2|  1 1 -2 1 1|  1 1 -2 2 0|  1 1 -1 -1 2|  1 1 -1 0 1|  1 1 -1 1 0|  1 1 -1 2 -1|  1 1 0 -2 2|  1 1 0 -1 1|  1 1 0 0 0|  1 1 0 1 -1|  1 1 0 2 -2|  1 1 1 -2 1|  1 1 1 -1 0|  1 1 1 0 -1|  1 1 1 1 -2|  1 1 2 -2 0|  1 1 2 -1 -1|  1 1 2 0 -2|  1 2 -2 -1 2|  1 2 -2 0 1|  1 2 -2 1 0|  1 2 -2 2 -1|  1 2 -1 -2 2|  1 2 -1 -1 1|  1 2 -1 0 0|  1 2 -1 1 -1|  1 2 -1 2 -2|  1 2 0 -2 1|  1 2 0 -1 0|  1 2 0 0 -1|  1 2 0 1 -2|  1 2 1 -2 0|  1 2 1 -1 -1|  1 2 1 0 -2|  1 2 2 -2 -1|  1 2 2 -1 -2|  1 3 -2 -2 2|  1 3 -2 -1 1|  1 3 -2 0 0|  1 3 -2 1 -1|  1 3 -2 2 -2|  1 3 -1 -2 1|  1 3 -1 -1 0|  1 3 -1 0 -1|  1 3 -1 1 -2|  1 3 0 -2 0|  1 3 0 -1 -1|  1 3 0 0 -2|  1 3 1 -2 -1|  1 3 1 -1 -2|  1 3 2 -2 -2|  1 4 -2 -2 1|  1 4 -2 -1 0|  1 4 -2 0 -1|  1 4 -2 1 -2|  1 4 -1 -2 0|  1 4 -1 -1 -1|  1 4 -1 0 -2|  1 4 0 -2 -1|  1 4 0 -1 -2|  1 4 1 -2 -2|  2 0 -2 2 2|  2 0 -1 1 2|  2 0 -1 2 1|  2 0 0 0 2|  2 0 0 1 1|  2 0 0 2 0|  2 0 1 -1 2|  2 0 1 0 1|  2 0 1 1 0|  2 0 1 2 -1|  2 0 2 -2 2|  2 0 2 -1 1|  2 0 2 0 0|  2 0 2 1 -1|  2 0 2 2 -2|  2 1 -2 1 2|  2 1 -2 2 1|  2 1 -1 0 2|  2 1 -1 1 1|  2 1 -1 2 0|  2 1 0 -1 2|  2 1 0 0 1|  2 1 0 1 0|  2 1 0 2 -1|  2 1 1 -2 2|  2 1 1 -1 1|  2 1 1 0 0|  2 1 1 1 -1|  2 1 1 2 -2|  2 1 2 -2 1|  2 1 2 -1 0|  2 1 2 0 -1|  2 1 2 1 -2|  2 2 -2 0 2|  2 2 -2 1 1|  2 2 -2 2 0|  2 2 -1 -1 2|  2 2 -1 0 1|  2 2 -1 1 0|  2 2 -1 2 -1|  2 2 0 -2 2|  2 2 0 -1 1|  2 2 0 0 0|  2 2 0 1 -1|  2 2 0 2 -2|  2 2 1 -2 1|  2 2 1 -1 0|  2 2 1 0 -1|  2 2 1 1 -2|  2 2 2 -2 0|  2 2 2 -1 -1|  2 2 2 0 -2|  2 3 -2 -1 2|  2 3 -2 0 1|  2 3 -2 1 0|  2 3 -2 2 -1|  2 3 -1 -2 2|  2 3 -1 -1 1|  2 3 -1 0 0|  2 3 -1 1 -1|  2 3 -1 2 -2|  2 3 0 -2 1|  2 3 0 -1 0|  2 3 0 0 -1|  2 3 0 1 -2|  2 3 1 -2 0|  2 3 1 -1 -1|  2 3 1 0 -2|  2 3 2 -2 -1|  2 3 2 -1 -2|  2 4 -2 -2 2|  2 4 -2 -1 1|  2 4 -2 0 0|  2 4 -2 1 -1|  2 4 -2 2 -2|  2 4 -1 -2 1|  2 4 -1 -1 0|  2 4 -1 0 -1|  2 4 -1 1 -2|  2 4 0 -2 0|  2 4 0 -1 -1|  2 4 0 0 -2|  2 4 1 -2 -1|  2 4 1 -1 -2|  2 4 2 -2 -2|  3 0 -1 2 2|  3 0 0 1 2|  3 0 0 2 1|  3 0 1 0 2|  3 0 1 1 1|  3 0 1 2 0|  3 0 2 -1 2|  3 0 2 0 1|  3 0 2 1 0|  3 0 2 2 -1|  3 1 -2 2 2|  3 1 -1 1 2|  3 1 -1 2 1|  3 1 0 0 2|  3 1 0 1 1|  3 1 0 2 0|  3 1 1 -1 2|  3 1 1 0 1|  3 1 1 1 0|  3 1 1 2 -1|  3 1 2 -2 2|  3 1 2 -1 1|  3 1 2 0 0|  3 1 2 1 -1|  3 1 2 2 -2|  3 2 -2 1 2|  3 2 -2 2 1|  3 2 -1 0 2|  3 2 -1 1 1|  3 2 -1 2 0|  3 2 0 -1 2|  3 2 0 0 1|  3 2 0 1 0|  3 2 0 2 -1|  3 2 1 -2 2|  3 2 1 -1 1|  3 2 1 0 0|  3 2 1 1 -1|  3 2 1 2 -2|  3 2 2 -2 1|  3 2 2 -1 0|  3 2 2 0 -1|  3 2 2 1 -2|  3 3 -2 0 2|  3 3 -2 1 1|  3 3 -2 2 0|  3 3 -1 -1 2|  3 3 -1 0 1|  3 3 -1 1 0|  3 3 -1 2 -1|  3 3 0 -2 2|  3 3 0 -1 1|  3 3 0 0 0|  3 3 0 1 -1|  3 3 0 2 -2|  3 3 1 -2 1|  3 3 1 -1 0|  3 3 1 0 -1|  3 3 1 1 -2|  3 3 2 -2 0|  3 3 2 -1 -1|  3 3 2 0 -2|  3 4 -2 -1 2|  3 4 -2 0 1|  3 4 -2 1 0|  3 4 -2 2 -1|  3 4 -1 -2 2|  3 4 -1 -1 1|  3 4 -1 0 0|  3 4 -1 1 -1|  3 4 -1 2 -2|  3 4 0 -2 1|  3 4 0 -1 0|  3 4 0 0 -1|  3 4 0 1 -2|  3 4 1 -2 0|  3 4 1 -1 -1|  3 4 1 0 -2|  3 4 2 -2 -1|  3 4 2 -1 -2|  4 0 0 2 2|  4 0 1 1 2|  4 0 1 2 1|  4 0 2 0 2|  4 0 2 1 1|  4 0 2 2 0|  4 1 -1 2 2|  4 1 0 1 2|  4 1 0 2 1|  4 1 1 0 2|  4 1 1 1 1|  4 1 1 2 0|  4 1 2 -1 2|  4 1 2 0 1|  4 1 2 1 0|  4 1 2 2 -1|  4 2 -2 2 2|  4 2 -1 1 2|  4 2 -1 2 1|  4 2 0 0 2|  4 2 0 1 1|  4 2 0 2 0|  4 2 1 -1 2|  4 2 1 0 1|  4 2 1 1 0|  4 2 1 2 -1|  4 2 2 -2 2|  4 2 2 -1 1|  4 2 2 0 0|  4 2 2 1 -1|  4 2 2 2 -2|  4 3 -2 1 2|  4 3 -2 2 1|  4 3 -1 0 2|  4 3 -1 1 1|  4 3 -1 2 0|  4 3 0 -1 2|  4 3 0 0 1|  4 3 0 1 0|  4 3 0 2 -1|  4 3 1 -2 2|  4 3 1 -1 1|  4 3 1 0 0|  4 3 1 1 -1|  4 3 1 2 -2|  4 3 2 -2 1|  4 3 2 -1 0|  4 3 2 0 -1|  4 3 2 1 -2|  4 4 -2 0 2|  4 4 -2 1 1|  4 4 -2 2 0|  4 4 -1 -1 2|  4 4 -1 0 1|  4 4 -1 1 0|  4 4 -1 2 -1|  4 4 0 -2 2|  4 4 0 -1 1|  4 4 0 0 0|  4 4 0 1 -1|  4 4 0 2 -2|  4 4 1 -2 1|  4 4 1 -1 0|  4 4 1 0 -1|  4 4 1 1 -2|  4 4 2 -2 0|  4 4 2 -1 -1|  4 4 2 0 -2</relation><relation arity="6" defaultCost="infinity" name="BALANCE4" nbTuples="1751" semantics="soft">0:  0 0 -2 -2 2 2|  0 0 -2 -1 1 2|  0 0 -2 -1 2 1|  0 0 -2 0 0 2|  0 0 -2 0 1 1|  0 0 -2 0 2 0|  0 0 -2 1 -1 2|  0 0 -2 1 0 1|  0 0 -2 1 1 0|  0 0 -2 1 2 -1|  0 0 -2 2 -2 2|  0 0 -2 2 -1 1|  0 0 -2 2 0 0|  0 0 -2 2 1 -1|  0 0 -2 2 2 -2|  0 0 -1 -2 1 2|  0 0 -1 -2 2 1|  0 0 -1 -1 0 2|  0 0 -1 -1 1 1|  0 0 -1 -1 2 0|  0 0 -1 0 -1 2|  0 0 -1 0 0 1|  0 0 -1 0 1 0|  0 0 -1 0 2 -1|  0 0 -1 1 -2 2|  0 0 -1 1 -1 1|  0 0 -1 1 0 0|  0 0 -1 1 1 -1|  0 0 -1 1 2 -2|  0 0 -1 2 -2 1|  0 0 -1 2 -1 0|  0 0 -1 2 0 -1|  0 0 -1 2 1 -2|  0 0 0 -2 0 2|  0 0 0 -2 1 1|  0 0 0 -2 2 0|  0 0 0 -1 -1 2|  0 0 0 -1 0 1|  0 0 0 -1 1 0|  0 0 0 -1 2 -1|  0 0 0 0 -2 2|  0 0 0 0 -1 1|  0 0 0 0 0 0|  0 0 0 0 1 -1|  0 0 0 0 2 -2|  0 0 0 1 -2 1|  0 0 0 1 -1 0|  0 0 0 1 0 -1|  0 0 0 1 1 -2|  0 0 0 2 -2 0|  0 0 0 2 -1 -1|  0 0 0 2 0 -2|  0 0 1 -2 -1 2|  0 0 1 -2 0 1|  0 0 1 -2 1 0|  0 0 1 -2 2 -1|  0 0 1 -1 -2 2|  0 0 1 -1 -1 1|  0 0 1 -1 0 0|  0 0 1 -1 1 -1|  0 0 1 -1 2 -2|  0 0 1 0 -2 1|  0 0 1 0 -1 0|  0 0 1 0 0 -1|  0 0 1 0 1 -2|  0 0 1 1 -2 0|  0 0 1 1 -1 -1|  0 0 1 1 0 -2|  0 0 1 2 -2 -1|  0 0 1 2 -1 -2|  0 0 2 -2 -2 2|  0 0 2 -2 -1 1|  0 0 2 -2 0 0|  0 0 2 -2 1 -1|  0 0 2 -2 2 -2|  0 0 2 -1 -2 1|  0 0 2 -1 -1 0|  0 0 2 -1 0 -1|  0 0 2 -1 1 -2|  0 0 2 0 -2 0|  0 0 2 0 -1 -1|  0 0 2 0 0 -2|  0 0 2 1 -2 -1|  0 0 2 1 -1 -2|  0 0 2 2 -2 -2|  0 1 -2 -2 1 2|  0 1 -2 -2 2 1|  0 1 -2 -1 0 2|  0 1 -2 -1 1 1|  0 1 -2 -1 2 0|  0 1 -2 0 -1 2|  0 1 -2 0 0 1|  0 1 -2 0 1 0|  0 1 -2 0 2 -1|  0 1 -2 1 -2 2|  0 1 -2 1 -1 1|  0 1 -2 1 0 0|  0 1 -2 1 1 -1|  0 1 -2 1 2 -2|  0 1 -2 2 -2 1|  0 1 -2 2 -1 0|  0 1 -2 2 0 -1|  0 1 -2 2 1 -2|  0 1 -1 -2 0 2|  0 1 -1 -2 1 1|  0 1 -1 -2 2 0|  0 1 -1 -1 -1 2|  0 1 -1 -1 0 1|  0 1 -1 -1 1 0|  0 1 -1 -1 2 -1|  0 1 -1 0 -2 2|  0 1 -1 0 -1 1|  0 1 -1 0 0 0|  0 1 -1 0 1 -1|  0 1 -1 0 2 -2|  0 1 -1 1 -2 1|  0 1 -1 1 -1 0|  0 1 -1 1 0 -1|  0 1 -1 1 1 -2|  0 1 -1 2 -2 0|  0 1 -1 2 -1 -1|  0 1 -1 2 0 -2|  0 1 0 -2 -1 2|  0 1 0 -2 0 1|  0 1 0 -2 1 0|  0 1 0 -2 2 -1|  0 1 0 -1 -2 2|  0 1 0 -1 -1 1|  0 1 0 -1 0 0|  0 1 0 -1 1 -1|  0 1 0 -1 2 -2|  0 1 0 0 -2 1|  0 1 0 0 -1 0|  0 1 0 0 0 -1|  0 1 0 0 1 -2|  0 1 0 1 -2 0|  0 1 0 1 -1 -1|  0 1 0 1 0 -2|  0 1 0 2 -2 -1|  0 1 0 2 -1 -2|  0 1 1 -2 -2 2|  0 1 1 -2 -1 1|  0 1 1 -2 0 0|  0 1 1 -2 1 -1|  0 1 1 -2 2 -2|  0 1 1 -1 -2 1|  0 1 1 -1 -1 0|  0 1 1 -1 0 -1|  0 1 1 -1 1 -2|  0 1 1 0 -2 0|  0 1 1 0 -1 -1|  0 1 1 0 0 -2|  0 1 1 1 -2 -1|  0 1 1 1 -1 -2|  0 1 1 2 -2 -2|  0 1 2 -2 -2 1|  0 1 2 -2 -1 0|  0 1 2 -2 0 -1|  0 1 2 -2 1 -2|  0 1 2 -1 -2 0|  0 1 2 -1 -1 -1|  0 1 2 -1 0 -2|  0 1 2 0 -2 -1|  0 1 2 0 -1 -2|  0 1 2 1 -2 -2|  0 2 -2 -2 0 2|  0 2 -2 -2 1 1|  0 2 -2 -2 2 0|  0 2 -2 -1 -1 2|  0 2 -2 -1 0 1|  0 2 -2 -1 1 0|  0 2 -2 -1 2 -1|  0 2 -2 0 -2 2|  0 2 -2 0 -1 1|  0 2 -2 0 0 0|  0 2 -2 0 1 -1|  0 2 -2 0 2 -2|  0 2 -2 1 -2 1|  0 2 -2 1 -1 0|  0 2 -2 1 0 -1|  0 2 -2 1 1 -2|  0 2 -2 2 -2 0|  0 2 -2 2 -1 -1|  0 2 -2 2 0 -2|  0 2 -1 -2 -1 2|  0 2 -1 -2 0 1|  0 2 -1 -2 1 0|  0 2 -1 -2 2 -1|  0 2 -1 -1 -2 2|  0 2 -1 -1 -1 1|  0 2 -1 -1 0 0|  0 2 -1 -1 1 -1|  0 2 -1 -1 2 -2|  0 2 -1 0 -2 1|  0 2 -1 0 -1 0|  0 2 -1 0 0 -1|  0 2 -1 0 1 -2|  0 2 -1 1 -2 0|  0 2 -1 1 -1 -1|  0 2 -1 1 0 -2|  0 2 -1 2 -2 -1|  0 2 -1 2 -1 -2|  0 2 0 -2 -2 2|  0 2 0 -2 -1 1|  0 2 0 -2 0 0|  0 2 0 -2 1 -1|  0 2 0 -2 2 -2|  0 2 0 -1 -2 1|  0 2 0 -1 -1 0|  0 2 0 -1 0 -1|  0 2 0 -1 1 -2|  0 2 0 0 -2 0|  0 2 0 0 -1 -1|  0 2 0 0 0 -2|  0 2 0 1 -2 -1|  0 2 0 1 -1 -2|  0 2 0 2 -2 -2|  0 2 1 -2 -2 1|  0 2 1 -2 -1 0|  0 2 1 -2 0 -1|  0 2 1 -2 1 -2|  0 2 1 -1 -2 0|  0 2 1 -1 -1 -1|  0 2 1 -1 0 -2|  0 2 1 0 -2 -1|  0 2 1 0 -1 -2|  0 2 1 1 -2 -2|  0 2 2 -2 -2 0|  0 2 2 -2 -1 -1|  0 2 2 -2 0 -2|  0 2 2 -1 -2 -1|  0 2 2 -1 -1 -2|  0 2 2 0 -2 -2|  0 3 -2 -2 -1 2|  0 3 -2 -2 0 1|  0 3 -2 -2 1 0|  0 3 -2 -2 2 -1|  0 3 -2 -1 -2 2|  0 3 -2 -1 -1 1|  0 3 -2 -1 0 0|  0 3 -2 -1 1 -1|  0 3 -2 -1 2 -2|  0 3 -2 0 -2 1|  0 3 -2 0 -1 0|  0 3 -2 0 0 -1|  0 3 -2 0 1 -2|  0 3 -2 1 -2 0|  0 3 -2 1 -1 -1|  0 3 -2 1 0 -2|  0 3 -2 2 -2 -1|  0 3 -2 2 -1 -2|  0 3 -1 -2 -2 2|  0 3 -1 -2 -1 1|  0 3 -1 -2 0 0|  0 3 -1 -2 1 -1|  0 3 -1 -2 2 -2|  0 3 -1 -1 -2 1|  0 3 -1 -1 -1 0|  0 3 -1 -1 0 -1|  0 3 -1 -1 1 -2|  0 3 -1 0 -2 0|  0 3 -1 0 -1 -1|  0 3 -1 0 0 -2|  0 3 -1 1 -2 -1|  0 3 -1 1 -1 -2|  0 3 -1 2 -2 -2|  0 3 0 -2 -2 1|  0 3 0 -2 -1 0|  0 3 0 -2 0 -1|  0 3 0 -2 1 -2|  0 3 0 -1 -2 0|  0 3 0 -1 -1 -1|  0 3 0 -1 0 -2|  0 3 0 0 -2 -1|  0 3 0 0 -1 -2|  0 3 0 1 -2 -2|  0 3 1 -2 -2 0|  0 3 1 -2 -1 -1|  0 3 1 -2 0 -2|  0 3 1 -1 -2 -1|  0 3 1 -1 -1 -2|  0 3 1 0 -2 -2|  0 3 2 -2 -2 -1|  0 3 2 -2 -1 -2|  0 3 2 -1 -2 -2|  0 4 -2 -2 -2 2|  0 4 -2 -2 -1 1|  0 4 -2 -2 0 0|  0 4 -2 -2 1 -1|  0 4 -2 -2 2 -2|  0 4 -2 -1 -2 1|  0 4 -2 -1 -1 0|  0 4 -2 -1 0 -1|  0 4 -2 -1 1 -2|  0 4 -2 0 -2 0|  0 4 -2 0 -1 -1|  0 4 -2 0 0 -2|  0 4 -2 1 -2 -1|  0 4 -2 1 -1 -2|  0 4 -2 2 -2 -2|  0 4 -1 -2 -2 1|  0 4 -1 -2 -1 0|  0 4 -1 -2 0 -1|  0 4 -1 -2 1 -2|  0 4 -1 -1 -2 0|  0 4 -1 -1 -1 -1|  0 4 -1 -1 0 -2|  0 4 -1 0 -2 -1|  0 4 -1 0 -1 -2|  0 4 -1 1 -2 -2|  0 4 0 -2 -2 0|  0 4 0 -2 -1 -1|  0 4 0 -2 0 -2|  0 4 0 -1 -2 -1|  0 4 0 -1 -1 -2|  0 4 0 0 -2 -2|  0 4 1 -2 -2 -1|  0 4 1 -2 -1 -2|  0 4 1 -1 -2 -2|  0 4 2 -2 -2 -2|  1 0 -2 -1 2 2|  1 0 -2 0 1 2|  1 0 -2 0 2 1|  1 0 -2 1 0 2|  1 0 -2 1 1 1|  1 0 -2 1 2 0|  1 0 -2 2 -1 2|  1 0 -2 2 0 1|  1 0 -2 2 1 0|  1 0 -2 2 2 -1|  1 0 -1 -2 2 2|  1 0 -1 -1 1 2|  1 0 -1 -1 2 1|  1 0 -1 0 0 2|  1 0 -1 0 1 1|  1 0 -1 0 2 0|  1 0 -1 1 -1 2|  1 0 -1 1 0 1|  1 0 -1 1 1 0|  1 0 -1 1 2 -1|  1 0 -1 2 -2 2|  1 0 -1 2 -1 1|  1 0 -1 2 0 0|  1 0 -1 2 1 -1|  1 0 -1 2 2 -2|  1 0 0 -2 1 2|  1 0 0 -2 2 1|  1 0 0 -1 0 2|  1 0 0 -1 1 1|  1 0 0 -1 2 0|  1 0 0 0 -1 2|  1 0 0 0 0 1|  1 0 0 0 1 0|  1 0 0 0 2 -1|  1 0 0 1 -2 2|  1 0 0 1 -1 1|  1 0 0 1 0 0|  1 0 0 1 1 -1|  1 0 0 1 2 -2|  1 0 0 2 -2 1|  1 0 0 2 -1 0|  1 0 0 2 0 -1|  1 0 0 2 1 -2|  1 0 1 -2 0 2|  1 0 1 -2 1 1|  1 0 1 -2 2 0|  1 0 1 -1 -1 2|  1 0 1 -1 0 1|  1 0 1 -1 1 0|  1 0 1 -1 2 -1|  1 0 1 0 -2 2|  1 0 1 0 -1 1|  1 0 1 0 0 0|  1 0 1 0 1 -1|  1 0 1 0 2 -2|  1 0 1 1 -2 1|  1 0 1 1 -1 0|  1 0 1 1 0 -1|  1 0 1 1 1 -2|  1 0 1 2 -2 0|  1 0 1 2 -1 -1|  1 0 1 2 0 -2|  1 0 2 -2 -1 2|  1 0 2 -2 0 1|  1 0 2 -2 1 0|  1 0 2 -2 2 -1|  1 0 2 -1 -2 2|  1 0 2 -1 -1 1|  1 0 2 -1 0 0|  1 0 2 -1 1 -1|  1 0 2 -1 2 -2|  1 0 2 0 -2 1|  1 0 2 0 -1 0|  1 0 2 0 0 -1|  1 0 2 0 1 -2|  1 0 2 1 -2 0|  1 0 2 1 -1 -1|  1 0 2 1 0 -2|  1 0 2 2 -2 -1|  1 0 2 2 -1 -2|  1 1 -2 -2 2 2|  1 1 -2 -1 1 2|  1 1 -2 -1 2 1|  1 1 -2 0 0 2|  1 1 -2 0 1 1|  1 1 -2 0 2 0|  1 1 -2 1 -1 2|  1 1 -2 1 0 1|  1 1 -2 1 1 0|  1 1 -2 1 2 -1|  1 1 -2 2 -2 2|  1 1 -2 2 -1 1|  1 1 -2 2 0 0|  1 1 -2 2 1 -1|  1 1 -2 2 2 -2|  1 1 -1 -2 1 2|  1 1 -1 -2 2 1|  1 1 -1 -1 0 2|  1 1 -1 -1 1 1|  1 1 -1 -1 2 0|  1 1 -1 0 -1 2|  1 1 -1 0 0 1|  1 1 -1 0 1 0|  1 1 -1 0 2 -1|  1 1 -1 1 -2 2|  1 1 -1 1 -1 1|  1 1 -1 1 0 0|  1 1 -1 1 1 -1|  1 1 -1 1 2 -2|  1 1 -1 2 -2 1|  1 1 -1 2 -1 0|  1 1 -1 2 0 -1|  1 1 -1 2 1 -2|  1 1 0 -2 0 2|  1 1 0 -2 1 1|  1 1 0 -2 2 0|  1 1 0 -1 -1 2|  1 1 0 -1 0 1|  1 1 0 -1 1 0|  1 1 0 -1 2 -1|  1 1 0 0 -2 2|  1 1 0 0 -1 1|  1 1 0 0 0 0|  1 1 0 0 1 -1|  1 1 0 0 2 -2|  1 1 0 1 -2 1|  1 1 0 1 -1 0|  1 1 0 1 0 -1|  1 1 0 1 1 -2|  1 1 0 2 -2 0|  1 1 0 2 -1 -1|  1 1 0 2 0 -2|  1 1 1 -2 -1 2|  1 1 1 -2 0 1|  1 1 1 -2 1 0|  1 1 1 -2 2 -1|  1 1 1 -1 -2 2|  1 1 1 -1 -1 1|  1 1 1 -1 0 0|  1 1 1 -1 1 -1|  1 1 1 -1 2 -2|  1 1 1 0 -2 1|  1 1 1 0 -1 0|  1 1 1 0 0 -1|  1 1 1 0 1 -2|  1 1 1 1 -2 0|  1 1 1 1 -1 -1|  1 1 1 1 0 -2|  1 1 1 2 -2 -1|  1 1 1 2 -1 -2|  1 1 2 -2 -2 2|  1 1 2 -2 -1 1|  1 1 2 -2 0 0|  1 1 2 -2 1 -1|  1 1 2 -2 2 -2|  1 1 2 -1 -2 1|  1 1 2 -1 -1 0|  1 1 2 -1 0 -1|  1 1 2 -1 1 -2|  1 1 2 0 -2 0|  1 1 2 0 -1 -1|  1 1 2 0 0 -2|  1 1 2 1 -2 -1|  1 1 2 1 -1 -2|  1 1 2 2 -2 -2|  1 2 -2 -2 1 2|  1 2 -2 -2 2 1|  1 2 -2 -1 0 2|  1 2 -2 -1 1 1|  1 2 -2 -1 2 0|  1 2 -2 0 -1 2|  1 2 -2 0 0 1|  1 2 -2 0 1 0|  1 2 -2 0 2 -1|  1 2 -2 1 -2 2|  1 2 -2 1 -1 1|  1 2 -2 1 0 0|  1 2 -2 1 1 -1|  1 2 -2 1 2 -2|  1 2 -2 2 -2 1|  1 2 -2 2 -1 0|  1 2 -2 2 0 -1|  1 2 -2 2 1 -2|  1 2 -1 -2 0 2|  1 2 -1 -2 1 1|  1 2 -1 -2 2 0|  1 2 -1 -1 -1 2|  1 2 -1 -1 0 1|  1 2 -1 -1 1 0|  1 2 -1 -1 2 -1|  1 2 -1 0 -2 2|  1 2 -1 0 -1 1|  1 2 -1 0 0 0|  1 2 -1 0 1 -1|  1 2 -1 0 2 -2|  1 2 -1 1 -2 1|  1 2 -1 1 -1 0|  1 2 -1 1 0 -1|  1 2 -1 1 1 -2|  1 2 -1 2 -2 0|  1 2 -1 2 -1 -1|  1 2 -1 2 0 -2|  1 2 0 -2 -1 2|  1 2 0 -2 0 1|  1 2 0 -2 1 0|  1 2 0 -2 2 -1|  1 2 0 -1 -2 2|  1 2 0 -1 -1 1|  1 2 0 -1 0 0|  1 2 0 -1 1 -1|  1 2 0 -1 2 -2|  1 2 0 0 -2 1|  1 2 0 0 -1 0|  1 2 0 0 0 -1|  1 2 0 0 1 -2|  1 2 0 1 -2 0|  1 2 0 1 -1 -1|  1 2 0 1 0 -2|  1 2 0 2 -2 -1|  1 2 0 2 -1 -2|  1 2 1 -2 -2 2|  1 2 1 -2 -1 1|  1 2 1 -2 0 0|  1 2 1 -2 1 -1|  1 2 1 -2 2 -2|  1 2 1 -1 -2 1|  1 2 1 -1 -1 0|  1 2 1 -1 0 -1|  1 2 1 -1 1 -2|  1 2 1 0 -2 0|  1 2 1 0 -1 -1|  1 2 1 0 0 -2|  1 2 1 1 -2 -1|  1 2 1 1 -1 -2|  1 2 1 2 -2 -2|  1 2 2 -2 -2 1|  1 2 2 -2 -1 0|  1 2 2 -2 0 -1|  1 2 2 -2 1 -2|  1 2 2 -1 -2 0|  1 2 2 -1 -1 -1|  1 2 2 -1 0 -2|  1 2 2 0 -2 -1|  1 2 2 0 -1 -2|  1 2 2 1 -2 -2|  1 3 -2 -2 0 2|  1 3 -2 -2 1 1|  1 3 -2 -2 2 0|  1 3 -2 -1 -1 2|  1 3 -2 -1 0 1|  1 3 -2 -1 1 0|  1 3 -2 -1 2 -1|  1 3 -2 0 -2 2|  1 3 -2 0 -1 1|  1 3 -2 0 0 0|  1 3 -2 0 1 -1|  1 3 -2 0 2 -2|  1 3 -2 1 -2 1|  1 3 -2 1 -1 0|  1 3 -2 1 0 -1|  1 3 -2 1 1 -2|  1 3 -2 2 -2 0|  1 3 -2 2 -1 -1|  1 3 -2 2 0 -2|  1 3 -1 -2 -1 2|  1 3 -1 -2 0 1|  1 3 -1 -2 1 0|  1 3 -1 -2 2 -1|  1 3 -1 -1 -2 2|  1 3 -1 -1 -1 1|  1 3 -1 -1 0 0|  1 3 -1 -1 1 -1|  1 3 -1 -1 2 -2|  1 3 -1 0 -2 1|  1 3 -1 0 -1 0|  1 3 -1 0 0 -1|  1 3 -1 0 1 -2|  1 3 -1 1 -2 0|  1 3 -1 1 -1 -1|  1 3 -1 1 0 -2|  1 3 -1 2 -2 -1|  1 3 -1 2 -1 -2|  1 3 0 -2 -2 2|  1 3 0 -2 -1 1|  1 3 0 -2 0 0|  1 3 0 -2 1 -1|  1 3 0 -2 2 -2|  1 3 0 -1 -2 1|  1 3 0 -1 -1 0|  1 3 0 -1 0 -1|  1 3 0 -1 1 -2|  1 3 0 0 -2 0|  1 3 0 0 -1 -1|  1 3 0 0 0 -2|  1 3 0 1 -2 -1|  1 3 0 1 -1 -2|  1 3 0 2 -2 -2|  1 3 1 -2 -2 1|  1 3 1 -2 -1 0|  1 3 1 -2 0 -1|  1 3 1 -2 1 -2|  1 3 1 -1 -2 0|  1 3 1 -1 -1 -1|  1 3 1 -1 0 -2|  1 3 1 0 -2 -1|  1 3 1 0 -1 -2|  1 3 1 1 -2 -2|  1 3 2 -2 -2 0|  1 3 2 -2 -1 -1|  1 3 2 -2 0 -2|  1 3 2 -1 -2 -1|  1 3 2 -1 -1 -2|  1 3 2 0 -2 -2|  1 4 -2 -2 -1 2|  1 4 -2 -2 0 1|  1 4 -2 -2 1 0|  1 4 -2 -2 2 -1|  1 4 -2 -1 -2 2|  1 4 -2 -1 -1 1|  1 4 -2 -1 0 0|  1 4 -2 -1 1 -1|  1 4 -2 -1 2 -2|  1 4 -2 0 -2 1|  1 4 -2 0 -1 0|  1 4 -2 0 0 -1|  1 4 -2 0 1 -2|  1 4 -2 1 -2 0|  1 4 -2 1 -1 -1|  1 4 -2 1 0 -2|  1 4 -2 2 -2 -1|  1 4 -2 2 -1 -2|  1 4 -1 -2 -2 2|  1 4 -1 -2 -1 1|  1 4 -1 -2 0 0|  1 4 -1 -2 1 -1|  1 4 -1 -2 2 -2|  1 4 -1 -1 -2 1|  1 4 -1 -1 -1 0|  1 4 -1 -1 0 -1|  1 4 -1 -1 1 -2|  1 4 -1 0 -2 0|  1 4 -1 0 -1 -1|  1 4 -1 0 0 -2|  1 4 -1 1 -2 -1|  1 4 -1 1 -1 -2|  1 4 -1 2 -2 -2|  1 4 0 -2 -2 1|  1 4 0 -2 -1 0|  1 4 0 -2 0 -1|  1 4 0 -2 1 -2|  1 4 0 -1 -2 0|  1 4 0 -1 -1 -1|  1 4 0 -1 0 -2|  1 4 0 0 -2 -1|  1 4 0 0 -1 -2|  1 4 0 1 -2 -2|  1 4 1 -2 -2 0|  1 4 1 -2 -1 -1|  1 4 1 -2 0 -2|  1 4 1 -1 -2 -1|  1 4 1 -1 -1 -2|  1 4 1 0 -2 -2|  1 4 2 -2 -2 -1|  1 4 2 -2 -1 -2|  1 4 2 -1 -2 -2|  2 0 -2 0 2 2|  2 0 -2 1 1 2|  2 0 -2 1 2 1|  2 0 -2 2 0 2|  2 0 -2 2 1 1|  2 0 -2 2 2 0|  2 0 -1 -1 2 2|  2 0 -1 0 1 2|  2 0 -1 0 2 1|  2 0 -1 1 0 2|  2 0 -1 1 1 1|  2 0 -1 1 2 0|  2 0 -1 2 -1 2|  2 0 -1 2 0 1|  2 0 -1 2 1 0|  2 0 -1 2 2 -1|  2 0 0 -2 2 2|  2 0 0 -1 1 2|  2 0 0 -1 2 1|  2 0 0 0 0 2|  2 0 0 0 1 1|  2 0 0 0 2 0|  2 0 0 1 -1 2|  2 0 0 1 0 1|  2 0 0 1 1 0|  2 0 0 1 2 -1|  2 0 0 2 -2 2|  2 0 0 2 -1 1|  2 0 0 2 0 0|  2 0 0 2 1 -1|  2 0 0 2 2 -2|  2 0 1 -2 1 2|  2 0 1 -2 2 1|  2 0 1 -1 0 2|  2 0 1 -1 1 1|  2 0 1 -1 2 0|  2 0 1 0 -1 2|  2 0 1 0 0 1|  2 0 1 0 1 0|  2 0 1 0 2 -1|  2 0 1 1 -2 2|  2 0 1 1 -1 1|  2 0 1 1 0 0|  2 0 1 1 1 -1|  2 0 1 1 2 -2|  2 0 1 2 -2 1|  2 0 1 2 -1 0|  2 0 1 2 0 -1|  2 0 1 2 1 -2|  2 0 2 -2 0 2|  2 0 2 -2 1 1|  2 0 2 -2 2 0|  2 0 2 -1 -1 2|  2 0 2 -1 0 1|  2 0 2 -1 1 0|  2 0 2 -1 2 -1|  2 0 2 0 -2 2|  2 0 2 0 -1 1|  2 0 2 0 0 0|  2 0 2 0 1 -1|  2 0 2 0 2 -2|  2 0 2 1 -2 1|  2 0 2 1 -1 0|  2 0 2 1 0 -1|  2 0 2 1 1 -2|  2 0 2 2 -2 0|  2 0 2 2 -1 -1|  2 0 2 2 0 -2|  2 1 -2 -1 2 2|  2 1 -2 0 1 2|  2 1 -2 0 2 1|  2 1 -2 1 0 2|  2 1 -2 1 1 1|  2 1 -2 1 2 0|  2 1 -2 2 -1 2|  2 1 -2 2 0 1|  2 1 -2 2 1 0|  2 1 -2 2 2 -1|  2 1 -1 -2 2 2|  2 1 -1 -1 1 2|  2 1 -1 -1 2 1|  2 1 -1 0 0 2|  2 1 -1 0 1 1|  2 1 -1 0 2 0|  2 1 -1 1 -1 2|  2 1 -1 1 0 1|  2 1 -1 1 1 0|  2 1 -1 1 2 -1|  2 1 -1 2 -2 2|  2 1 -1 2 -1 1|  2 1 -1 2 0 0|  2 1 -1 2 1 -1|  2 1 -1 2 2 -2|  2 1 0 -2 1 2|  2 1 0 -2 2 1|  2 1 0 -1 0 2|  2 1 0 -1 1 1|  2 1 0 -1 2 0|  2 1 0 0 -1 2|  2 1 0 0 0 1|  2 1 0 0 1 0|  2 1 0 0 2 -1|  2 1 0 1 -2 2|  2 1 0 1 -1 1|  2 1 0 1 0 0|  2 1 0 1 1 -1|  2 1 0 1 2 -2|  2 1 0 2 -2 1|  2 1 0 2 -1 0|  2 1 0 2 0 -1|  2 1 0 2 1 -2|  2 1 1 -2 0 2|  2 1 1 -2 1 1|  2 1 1 -2 2 0|  2 1 1 -1 -1 2|  2 1 1 -1 0 1|  2 1 1 -1 1 0|  2 1 1 -1 2 -1|  2 1 1 0 -2 2|  2 1 1 0 -1 1|  2 1 1 0 0 0|  2 1 1 0 1 -1|  2 1 1 0 2 -2|  2 1 1 1 -2 1|  2 1 1 1 -1 0|  2 1 1 1 0 -1|  2 1 1 1 1 -2|  2 1 1 2 -2 0|  2 1 1 2 -1 -1|  2 1 1 2 0 -2|  2 1 2 -2 -1 2|  2 1 2 -2 0 1|  2 1 2 -2 1 0|  2 1 2 -2 2 -1|  2 1 2 -1 -2 2|  2 1 2 -1 -1 1|  2 1 2 -1 0 0|  2 1 2 -1 1 -1|  2 1 2 -1 2 -2|  2 1 2 0 -2 1|  2 1 2 0 -1 0|  2 1 2 0 0 -1|  2 1 2 0 1 -2|  2 1 2 1 -2 0|  2 1 2 1 -1 -1|  2 1 2 1 0 -2|  2 1 2 2 -2 -1|  2 1 2 2 -1 -2|  2 2 -2 -2 2 2|  2 2 -2 -1 1 2|  2 2 -2 -1 2 1|  2 2 -2 0 0 2|  2 2 -2 0 1 1|  2 2 -2 0 2 0|  2 2 -2 1 -1 2|  2 2 -2 1 0 1|  2 2 -2 1 1 0|  2 2 -2 1 2 -1|  2 2 -2 2 -2 2|  2 2 -2 2 -1 1|  2 2 -2 2 0 0|  2 2 -2 2 1 -1|  2 2 -2 2 2 -2|  2 2 -1 -2 1 2|  2 2 -1 -2 2 1|  2 2 -1 -1 0 2|  2 2 -1 -1 1 1|  2 2 -1 -1 2 0|  2 2 -1 0 -1 2|  2 2 -1 0 0 1|  2 2 -1 0 1 0|  2 2 -1 0 2 -1|  2 2 -1 1 -2 2|  2 2 -1 1 -1 1|  2 2 -1 1 0 0|  2 2 -1 1 1 -1|  2 2 -1 1 2 -2|  2 2 -1 2 -2 1|  2 2 -1 2 -1 0|  2 2 -1 2 0 -1|  2 2 -1 2 1 -2|  2 2 0 -2 0 2|  2 2 0 -2 1 1|  2 2 0 -2 2 0|  2 2 0 -1 -1 2|  2 2 0 -1 0 1|  2 2 0 -1 1 0|  2 2 0 -1 2 -1|  2 2 0 0 -2 2|  2 2 0 0 -1 1|  2 2 0 0 0 0|  2 2 0 0 1 -1|  2 2 0 0 2 -2|  2 2 0 1 -2 1|  2 2 0 1 -1 0|  2 2 0 1 0 -1|  2 2 0 1 1 -2|  2 2 0 2 -2 0|  2 2 0 2 -1 -1|  2 2 0 2 0 -2|  2 2 1 -2 -1 2|  2 2 1 -2 0 1|  2 2 1 -2 1 0|  2 2 1 -2 2 -1|  2 2 1 -1 -2 2|  2 2 1 -1 -1 1|  2 2 1 -1 0 0|  2 2 1 -1 1 -1|  2 2 1 -1 2 -2|  2 2 1 0 -2 1|  2 2 1 0 -1 0|  2 2 1 0 0 -1|  2 2 1 0 1 -2|  2 2 1 1 -2 0|  2 2 1 1 -1 -1|  2 2 1 1 0 -2|  2 2 1 2 -2 -1|  2 2 1 2 -1 -2|  2 2 2 -2 -2 2|  2 2 2 -2 -1 1|  2 2 2 -2 0 0|  2 2 2 -2 1 -1|  2 2 2 -2 2 -2|  2 2 2 -1 -2 1|  2 2 2 -1 -1 0|  2 2 2 -1 0 -1|  2 2 2 -1 1 -2|  2 2 2 0 -2 0|  2 2 2 0 -1 -1|  2 2 2 0 0 -2|  2 2 2 1 -2 -1|  2 2 2 1 -1 -2|  2 2 2 2 -2 -2|  2 3 -2 -2 1 2|  2 3 -2 -2 2 1|  2 3 -2 -1 0 2|  2 3 -2 -1 1 1|  2 3 -2 -1 2 0|  2 3 -2 0 -1 2|  2 3 -2 0 0 1|  2 3 -2 0 1 0|  2 3 -2 0 2 -1|  2 3 -2 1 -2 2|  2 3 -2 1 -1 1|  2 3 -2 1 0 0|  2 3 -2 1 1 -1|  2 3 -2 1 2 -2|  2 3 -2 2 -2 1|  2 3 -2 2 -1 0|  2 3 -2 2 0 -1|  2 3 -2 2 1 -2|  2 3 -1 -2 0 2|  2 3 -1 -2 1 1|  2 3 -1 -2 2 0|  2 3 -1 -1 -1 2|  2 3 -1 -1 0 1|  2 3 -1 -1 1 0|  2 3 -1 -1 2 -1|  2 3 -1 0 -2 2|  2 3 -1 0 -1 1|  2 3 -1 0 0 0|  2 3 -1 0 1 -1|  2 3 -1 0 2 -2|  2 3 -1 1 -2 1|  2 3 -1 1 -1 0|  2 3 -1 1 0 -1|  2 3 -1 1 1 -2|  2 3 -1 2 -2 0|  2 3 -1 2 -1 -1|  2 3 -1 2 0 -2|  2 3 0 -2 -1 2|  2 3 0 -2 0 1|  2 3 0 -2 1 0|  2 3 0 -2 2 -1|  2 3 0 -1 -2 2|  2 3 0 -1 -1 1|  2 3 0 -1 0 0|  2 3 0 -1 1 -1|  2 3 0 -1 2 -2|  2 3 0 0 -2 1|  2 3 0 0 -1 0|  2 3 0 0 0 -1|  2 3 0 0 1 -2|  2 3 0 1 -2 0|  2 3 0 1 -1 -1|  2 3 0 1 0 -2|  2 3 0 2 -2 -1|  2 3 0 2 -1 -2|  2 3 1 -2 -2 2|  2 3 1 -2 -1 1|  2 3 1 -2 0 0|  2 3 1 -2 1 -1|  2 3 1 -2 2 -2|  2 3 1 -1 -2 1|  2 3 1 -1 -1 0|  2 3 1 -1 0 -1|  2 3 1 -1 1 -2|  2 3 1 0 -2 0|  2 3 1 0 -1 -1|  2 3 1 0 0 -2|  2 3 1 1 -2 -1|  2 3 1 1 -1 -2|  2 3 1 2 -2 -2|  2 3 2 -2 -2 1|  2 3 2 -2 -1 0|  2 3 2 -2 0 -1|  2 3 2 -2 1 -2|  2 3 2 -1 -2 0|  2 3 2 -1 -1 -1|  2 3 2 -1 0 -2|  2 3 2 0 -2 -1|  2 3 2 0 -1 -2|  2 3 2 1 -2 -2|  2 4 -2 -2 0 2|  2 4 -2 -2 1 1|  2 4 -2 -2 2 0|  2 4 -2 -1 -1 2|  2 4 -2 -1 0 1|  2 4 -2 -1 1 0|  2 4 -2 -1 2 -1|  2 4 -2 0 -2 2|  2 4 -2 0 -1 1|  2 4 -2 0 0 0|  2 4 -2 0 1 -1|  2 4 -2 0 2 -2|  2 4 -2 1 -2 1|  2 4 -2 1 -1 0|  2 4 -2 1 0 -1|  2 4 -2 1 1 -2|  2 4 -2 2 -2 0|  2 4 -2 2 -1 -1|  2 4 -2 2 0 -2|  2 4 -1 -2 -1 2|  2 4 -1 -2 0 1|  2 4 -1 -2 1 0|  2 4 -1 -2 2 -1|  2 4 -1 -1 -2 2|  2 4 -1 -1 -1 1|  2 4 -1 -1 0 0|  2 4 -1 -1 1 -1|  2 4 -1 -1 2 -2|  2 4 -1 0 -2 1|  2 4 -1 0 -1 0|  2 4 -1 0 0 -1|  2 4 -1 0 1 -2|  2 4 -1 1 -2 0|  2 4 -1 1 -1 -1|  2 4 -1 1 0 -2|  2 4 -1 2 -2 -1|  2 4 -1 2 -1 -2|  2 4 0 -2 -2 2|  2 4 0 -2 -1 1|  2 4 0 -2 0 0|  2 4 0 -2 1 -1|  2 4 0 -2 2 -2|  2 4 0 -1 -2 1|  2 4 0 -1 -1 0|  2 4 0 -1 0 -1|  2 4 0 -1 1 -2|  2 4 0 0 -2 0|  2 4 0 0 -1 -1|  2 4 0 0 0 -2|  2 4 0 1 -2 -1|  2 4 0 1 -1 -2|  2 4 0 2 -2 -2|  2 4 1 -2 -2 1|  2 4 1 -2 -1 0|  2 4 1 -2 0 -1|  2 4 1 -2 1 -2|  2 4 1 -1 -2 0|  2 4 1 -1 -1 -1|  2 4 1 -1 0 -2|  2 4 1 0 -2 -1|  2 4 1 0 -1 -2|  2 4 1 1 -2 -2|  2 4 2 -2 -2 0|  2 4 2 -2 -1 -1|  2 4 2 -2 0 -2|  2 4 2 -1 -2 -1|  2 4 2 -1 -1 -2|  2 4 2 0 -2 -2|  3 0 -2 1 2 2|  3 0 -2 2 1 2|  3 0 -2 2 2 1|  3 0 -1 0 2 2|  3 0 -1 1 1 2|  3 0 -1 1 2 1|  3 0 -1 2 0 2|  3 0 -1 2 1 1|  3 0 -1 2 2 0|  3 0 0 -1 2 2|  3 0 0 0 1 2|  3 0 0 0 2 1|  3 0 0 1 0 2|  3 0 0 1 1 1|  3 0 0 1 2 0|  3 0 0 2 -1 2|  3 0 0 2 0 1|  3 0 0 2 1 0|  3 0 0 2 2 -1|  3 0 1 -2 2 2|  3 0 1 -1 1 2|  3 0 1 -1 2 1|  3 0 1 0 0 2|  3 0 1 0 1 1|  3 0 1 0 2 0|  3 0 1 1 -1 2|  3 0 1 1 0 1|  3 0 1 1 1 0|  3 0 1 1 2 -1|  3 0 1 2 -2 2|  3 0 1 2 -1 1|  3 0 1 2 0 0|  3 0 1 2 1 -1|  3 0 1 2 2 -2|  3 0 2 -2 1 2|  3 0 2 -2 2 1|  3 0 2 -1 0 2|  3 0 2 -1 1 1|  3 0 2 -1 2 0|  3 0 2 0 -1 2|  3 0 2 0 0 1|  3 0 2 0 1 0|  3 0 2 0 2 -1|  3 0 2 1 -2 2|  3 0 2 1 -1 1|  3 0 2 1 0 0|  3 0 2 1 1 -1|  3 0 2 1 2 -2|  3 0 2 2 -2 1|  3 0 2 2 -1 0|  3 0 2 2 0 -1|  3 0 2 2 1 -2|  3 1 -2 0 2 2|  3 1 -2 1 1 2|  3 1 -2 1 2 1|  3 1 -2 2 0 2|  3 1 -2 2 1 1|  3 1 -2 2 2 0|  3 1 -1 -1 2 2|  3 1 -1 0 1 2|  3 1 -1 0 2 1|  3 1 -1 1 0 2|  3 1 -1 1 1 1|  3 1 -1 1 2 0|  3 1 -1 2 -1 2|  3 1 -1 2 0 1|  3 1 -1 2 1 0|  3 1 -1 2 2 -1|  3 1 0 -2 2 2|  3 1 0 -1 1 2|  3 1 0 -1 2 1|  3 1 0 0 0 2|  3 1 0 0 1 1|  3 1 0 0 2 0|  3 1 0 1 -1 2|  3 1 0 1 0 1|  3 1 0 1 1 0|  3 1 0 1 2 -1|  3 1 0 2 -2 2|  3 1 0 2 -1 1|  3 1 0 2 0 0|  3 1 0 2 1 -1|  3 1 0 2 2 -2|  3 1 1 -2 1 2|  3 1 1 -2 2 1|  3 1 1 -1 0 2|  3 1 1 -1 1 1|  3 1 1 -1 2 0|  3 1 1 0 -1 2|  3 1 1 0 0 1|  3 1 1 0 1 0|  3 1 1 0 2 -1|  3 1 1 1 -2 2|  3 1 1 1 -1 1|  3 1 1 1 0 0|  3 1 1 1 1 -1|  3 1 1 1 2 -2|  3 1 1 2 -2 1|  3 1 1 2 -1 0|  3 1 1 2 0 -1|  3 1 1 2 1 -2|  3 1 2 -2 0 2|  3 1 2 -2 1 1|  3 1 2 -2 2 0|  3 1 2 -1 -1 2|  3 1 2 -1 0 1|  3 1 2 -1 1 0|  3 1 2 -1 2 -1|  3 1 2 0 -2 2|  3 1 2 0 -1 1|  3 1 2 0 0 0|  3 1 2 0 1 -1|  3 1 2 0 2 -2|  3 1 2 1 -2 1|  3 1 2 1 -1 0|  3 1 2 1 0 -1|  3 1 2 1 1 -2|  3 1 2 2 -2 0|  3 1 2 2 -1 -1|  3 1 2 2 0 -2|  3 2 -2 -1 2 2|  3 2 -2 0 1 2|  3 2 -2 0 2 1|  3 2 -2 1 0 2|  3 2 -2 1 1 1|  3 2 -2 1 2 0|  3 2 -2 2 -1 2|  3 2 -2 2 0 1|  3 2 -2 2 1 0|  3 2 -2 2 2 -1|  3 2 -1 -2 2 2|  3 2 -1 -1 1 2|  3 2 -1 -1 2 1|  3 2 -1 0 0 2|  3 2 -1 0 1 1|  3 2 -1 0 2 0|  3 2 -1 1 -1 2|  3 2 -1 1 0 1|  3 2 -1 1 1 0|  3 2 -1 1 2 -1|  3 2 -1 2 -2 2|  3 2 -1 2 -1 1|  3 2 -1 2 0 0|  3 2 -1 2 1 -1|  3 2 -1 2 2 -2|  3 2 0 -2 1 2|  3 2 0 -2 2 1|  3 2 0 -1 0 2|  3 2 0 -1 1 1|  3 2 0 -1 2 0|  3 2 0 0 -1 2|  3 2 0 0 0 1|  3 2 0 0 1 0|  3 2 0 0 2 -1|  3 2 0 1 -2 2|  3 2 0 1 -1 1|  3 2 0 1 0 0|  3 2 0 1 1 -1|  3 2 0 1 2 -2|  3 2 0 2 -2 1|  3 2 0 2 -1 0|  3 2 0 2 0 -1|  3 2 0 2 1 -2|  3 2 1 -2 0 2|  3 2 1 -2 1 1|  3 2 1 -2 2 0|  3 2 1 -1 -1 2|  3 2 1 -1 0 1|  3 2 1 -1 1 0|  3 2 1 -1 2 -1|  3 2 1 0 -2 2|  3 2 1 0 -1 1|  3 2 1 0 0 0|  3 2 1 0 1 -1|  3 2 1 0 2 -2|  3 2 1 1 -2 1|  3 2 1 1 -1 0|  3 2 1 1 0 -1|  3 2 1 1 1 -2|  3 2 1 2 -2 0|  3 2 1 2 -1 -1|  3 2 1 2 0 -2|  3 2 2 -2 -1 2|  3 2 2 -2 0 1|  3 2 2 -2 1 0|  3 2 2 -2 2 -1|  3 2 2 -1 -2 2|  3 2 2 -1 -1 1|  3 2 2 -1 0 0|  3 2 2 -1 1 -1|  3 2 2 -1 2 -2|  3 2 2 0 -2 1|  3 2 2 0 -1 0|  3 2 2 0 0 -1|  3 2 2 0 1 -2|  3 2 2 1 -2 0|  3 2 2 1 -1 -1|  3 2 2 1 0 -2|  3 2 2 2 -2 -1|  3 2 2 2 -1 -2|  3 3 -2 -2 2 2|  3 3 -2 -1 1 2|  3 3 -2 -1 2 1|  3 3 -2 0 0 2|  3 3 -2 0 1 1|  3 3 -2 0 2 0|  3 3 -2 1 -1 2|  3 3 -2 1 0 1|  3 3 -2 1 1 0|  3 3 -2 1 2 -1|  3 3 -2 2 -2 2|  3 3 -2 2 -1 1|  3 3 -2 2 0 0|  3 3 -2 2 1 -1|  3 3 -2 2 2 -2|  3 3 -1 -2 1 2|  3 3 -1 -2 2 1|  3 3 -1 -1 0 2|  3 3 -1 -1 1 1|  3 3 -1 -1 2 0|  3 3 -1 0 -1 2|  3 3 -1 0 0 1|  3 3 -1 0 1 0|  3 3 -1 0 2 -1|  3 3 -1 1 -2 2|  3 3 -1 1 -1 1|  3 3 -1 1 0 0|  3 3 -1 1 1 -1|  3 3 -1 1 2 -2|  3 3 -1 2 -2 1|  3 3 -1 2 -1 0|  3 3 -1 2 0 -1|  3 3 -1 2 1 -2|  3 3 0 -2 0 2|  3 3 0 -2 1 1|  3 3 0 -2 2 0|  3 3 0 -1 -1 2|  3 3 0 -1 0 1|  3 3 0 -1 1 0|  3 3 0 -1 2 -1|  3 3 0 0 -2 2|  3 3 0 0 -1 1|  3 3 0 0 0 0|  3 3 0 0 1 -1|  3 3 0 0 2 -2|  3 3 0 1 -2 1|  3 3 0 1 -1 0|  3 3 0 1 0 -1|  3 3 0 1 1 -2|  3 3 0 2 -2 0|  3 3 0 2 -1 -1|  3 3 0 2 0 -2|  3 3 1 -2 -1 2|  3 3 1 -2 0 1|  3 3 1 -2 1 0|  3 3 1 -2 2 -1|  3 3 1 -1 -2 2|  3 3 1 -1 -1 1|  3 3 1 -1 0 0|  3 3 1 -1 1 -1|  3 3 1 -1 2 -2|  3 3 1 0 -2 1|  3 3 1 0 -1 0|  3 3 1 0 0 -1|  3 3 1 0 1 -2|  3 3 1 1 -2 0|  3 3 1 1 -1 -1|  3 3 1 1 0 -2|  3 3 1 2 -2 -1|  3 3 1 2 -1 -2|  3 3 2 -2 -2 2|  3 3 2 -2 -1 1|  3 3 2 -2 0 0|  3 3 2 -2 1 -1|  3 3 2 -2 2 -2|  3 3 2 -1 -2 1|  3 3 2 -1 -1 0|  3 3 2 -1 0 -1|  3 3 2 -1 1 -2|  3 3 2 0 -2 0|  3 3 2 0 -1 -1|  3 3 2 0 0 -2|  3 3 2 1 -2 -1|  3 3 2 1 -1 -2|  3 3 2 2 -2 -2|  3 4 -2 -2 1 2|  3 4 -2 -2 2 1|  3 4 -2 -1 0 2|  3 4 -2 -1 1 1|  3 4 -2 -1 2 0|  3 4 -2 0 -1 2|  3 4 -2 0 0 1|  3 4 -2 0 1 0|  3 4 -2 0 2 -1|  3 4 -2 1 -2 2|  3 4 -2 1 -1 1|  3 4 -2 1 0 0|  3 4 -2 1 1 -1|  3 4 -2 1 2 -2|  3 4 -2 2 -2 1|  3 4 -2 2 -1 0|  3 4 -2 2 0 -1|  3 4 -2 2 1 -2|  3 4 -1 -2 0 2|  3 4 -1 -2 1 1|  3 4 -1 -2 2 0|  3 4 -1 -1 -1 2|  3 4 -1 -1 0 1|  3 4 -1 -1 1 0|  3 4 -1 -1 2 -1|  3 4 -1 0 -2 2|  3 4 -1 0 -1 1|  3 4 -1 0 0 0|  3 4 -1 0 1 -1|  3 4 -1 0 2 -2|  3 4 -1 1 -2 1|  3 4 -1 1 -1 0|  3 4 -1 1 0 -1|  3 4 -1 1 1 -2|  3 4 -1 2 -2 0|  3 4 -1 2 -1 -1|  3 4 -1 2 0 -2|  3 4 0 -2 -1 2|  3 4 0 -2 0 1|  3 4 0 -2 1 0|  3 4 0 -2 2 -1|  3 4 0 -1 -2 2|  3 4 0 -1 -1 1|  3 4 0 -1 0 0|  3 4 0 -1 1 -1|  3 4 0 -1 2 -2|  3 4 0 0 -2 1|  3 4 0 0 -1 0|  3 4 0 0 0 -1|  3 4 0 0 1 -2|  3 4 0 1 -2 0|  3 4 0 1 -1 -1|  3 4 0 1 0 -2|  3 4 0 2 -2 -1|  3 4 0 2 -1 -2|  3 4 1 -2 -2 2|  3 4 1 -2 -1 1|  3 4 1 -2 0 0|  3 4 1 -2 1 -1|  3 4 1 -2 2 -2|  3 4 1 -1 -2 1|  3 4 1 -1 -1 0|  3 4 1 -1 0 -1|  3 4 1 -1 1 -2|  3 4 1 0 -2 0|  3 4 1 0 -1 -1|  3 4 1 0 0 -2|  3 4 1 1 -2 -1|  3 4 1 1 -1 -2|  3 4 1 2 -2 -2|  3 4 2 -2 -2 1|  3 4 2 -2 -1 0|  3 4 2 -2 0 -1|  3 4 2 -2 1 -2|  3 4 2 -1 -2 0|  3 4 2 -1 -1 -1|  3 4 2 -1 0 -2|  3 4 2 0 -2 -1|  3 4 2 0 -1 -2|  3 4 2 1 -2 -2|  4 0 -2 2 2 2|  4 0 -1 1 2 2|  4 0 -1 2 1 2|  4 0 -1 2 2 1|  4 0 0 0 2 2|  4 0 0 1 1 2|  4 0 0 1 2 1|  4 0 0 2 0 2|  4 0 0 2 1 1|  4 0 0 2 2 0|  4 0 1 -1 2 2|  4 0 1 0 1 2|  4 0 1 0 2 1|  4 0 1 1 0 2|  4 0 1 1 1 1|  4 0 1 1 2 0|  4 0 1 2 -1 2|  4 0 1 2 0 1|  4 0 1 2 1 0|  4 0 1 2 2 -1|  4 0 2 -2 2 2|  4 0 2 -1 1 2|  4 0 2 -1 2 1|  4 0 2 0 0 2|  4 0 2 0 1 1|  4 0 2 0 2 0|  4 0 2 1 -1 2|  4 0 2 1 0 1|  4 0 2 1 1 0|  4 0 2 1 2 -1|  4 0 2 2 -2 2|  4 0 2 2 -1 1|  4 0 2 2 0 0|  4 0 2 2 1 -1|  4 0 2 2 2 -2|  4 1 -2 1 2 2|  4 1 -2 2 1 2|  4 1 -2 2 2 1|  4 1 -1 0 2 2|  4 1 -1 1 1 2|  4 1 -1 1 2 1|  4 1 -1 2 0 2|  4 1 -1 2 1 1|  4 1 -1 2 2 0|  4 1 0 -1 2 2|  4 1 0 0 1 2|  4 1 0 0 2 1|  4 1 0 1 0 2|  4 1 0 1 1 1|  4 1 0 1 2 0|  4 1 0 2 -1 2|  4 1 0 2 0 1|  4 1 0 2 1 0|  4 1 0 2 2 -1|  4 1 1 -2 2 2|  4 1 1 -1 1 2|  4 1 1 -1 2 1|  4 1 1 0 0 2|  4 1 1 0 1 1|  4 1 1 0 2 0|  4 1 1 1 -1 2|  4 1 1 1 0 1|  4 1 1 1 1 0|  4 1 1 1 2 -1|  4 1 1 2 -2 2|  4 1 1 2 -1 1|  4 1 1 2 0 0|  4 1 1 2 1 -1|  4 1 1 2 2 -2|  4 1 2 -2 1 2|  4 1 2 -2 2 1|  4 1 2 -1 0 2|  4 1 2 -1 1 1|  4 1 2 -1 2 0|  4 1 2 0 -1 2|  4 1 2 0 0 1|  4 1 2 0 1 0|  4 1 2 0 2 -1|  4 1 2 1 -2 2|  4 1 2 1 -1 1|  4 1 2 1 0 0|  4 1 2 1 1 -1|  4 1 2 1 2 -2|  4 1 2 2 -2 1|  4 1 2 2 -1 0|  4 1 2 2 0 -1|  4 1 2 2 1 -2|  4 2 -2 0 2 2|  4 2 -2 1 1 2|  4 2 -2 1 2 1|  4 2 -2 2 0 2|  4 2 -2 2 1 1|  4 2 -2 2 2 0|  4 2 -1 -1 2 2|  4 2 -1 0 1 2|  4 2 -1 0 2 1|  4 2 -1 1 0 2|  4 2 -1 1 1 1|  4 2 -1 1 2 0|  4 2 -1 2 -1 2|  4 2 -1 2 0 1|  4 2 -1 2 1 0|  4 2 -1 2 2 -1|  4 2 0 -2 2 2|  4 2 0 -1 1 2|  4 2 0 -1 2 1|  4 2 0 0 0 2|  4 2 0 0 1 1|  4 2 0 0 2 0|  4 2 0 1 -1 2|  4 2 0 1 0 1|  4 2 0 1 1 0|  4 2 0 1 2 -1|  4 2 0 2 -2 2|  4 2 0 2 -1 1|  4 2 0 2 0 0|  4 2 0 2 1 -1|  4 2 0 2 2 -2|  4 2 1 -2 1 2|  4 2 1 -2 2 1|  4 2 1 -1 0 2|  4 2 1 -1 1 1|  4 2 1 -1 2 0|  4 2 1 0 -1 2|  4 2 1 0 0 1|  4 2 1 0 1 0|  4 2 1 0 2 -1|  4 2 1 1 -2 2|  4 2 1 1 -1 1|  4 2 1 1 0 0|  4 2 1 1 1 -1|  4 2 1 1 2 -2|  4 2 1 2 -2 1|  4 2 1 2 -1 0|  4 2 1 2 0 -1|  4 2 1 2 1 -2|  4 2 2 -2 0 2|  4 2 2 -2 1 1|  4 2 2 -2 2 0|  4 2 2 -1 -1 2|  4 2 2 -1 0 1|  4 2 2 -1 1 0|  4 2 2 -1 2 -1|  4 2 2 0 -2 2|  4 2 2 0 -1 1|  4 2 2 0 0 0|  4 2 2 0 1 -1|  4 2 2 0 2 -2|  4 2 2 1 -2 1|  4 2 2 1 -1 0|  4 2 2 1 0 -1|  4 2 2 1 1 -2|  4 2 2 2 -2 0|  4 2 2 2 -1 -1|  4 2 2 2 0 -2|  4 3 -2 -1 2 2|  4 3 -2 0 1 2|  4 3 -2 0 2 1|  4 3 -2 1 0 2|  4 3 -2 1 1 1|  4 3 -2 1 2 0|  4 3 -2 2 -1 2|  4 3 -2 2 0 1|  4 3 -2 2 1 0|  4 3 -2 2 2 -1|  4 3 -1 -2 2 2|  4 3 -1 -1 1 2|  4 3 -1 -1 2 1|  4 3 -1 0 0 2|  4 3 -1 0 1 1|  4 3 -1 0 2 0|  4 3 -1 1 -1 2|  4 3 -1 1 0 1|  4 3 -1 1 1 0|  4 3 -1 1 2 -1|  4 3 -1 2 -2 2|  4 3 -1 2 -1 1|  4 3 -1 2 0 0|  4 3 -1 2 1 -1|  4 3 -1 2 2 -2|  4 3 0 -2 1 2|  4 3 0 -2 2 1|  4 3 0 -1 0 2|  4 3 0 -1 1 1|  4 3 0 -1 2 0|  4 3 0 0 -1 2|  4 3 0 0 0 1|  4 3 0 0 1 0|  4 3 0 0 2 -1|  4 3 0 1 -2 2|  4 3 0 1 -1 1|  4 3 0 1 0 0|  4 3 0 1 1 -1|  4 3 0 1 2 -2|  4 3 0 2 -2 1|  4 3 0 2 -1 0|  4 3 0 2 0 -1|  4 3 0 2 1 -2|  4 3 1 -2 0 2|  4 3 1 -2 1 1|  4 3 1 -2 2 0|  4 3 1 -1 -1 2|  4 3 1 -1 0 1|  4 3 1 -1 1 0|  4 3 1 -1 2 -1|  4 3 1 0 -2 2|  4 3 1 0 -1 1|  4 3 1 0 0 0|  4 3 1 0 1 -1|  4 3 1 0 2 -2|  4 3 1 1 -2 1|  4 3 1 1 -1 0|  4 3 1 1 0 -1|  4 3 1 1 1 -2|  4 3 1 2 -2 0|  4 3 1 2 -1 -1|  4 3 1 2 0 -2|  4 3 2 -2 -1 2|  4 3 2 -2 0 1|  4 3 2 -2 1 0|  4 3 2 -2 2 -1|  4 3 2 -1 -2 2|  4 3 2 -1 -1 1|  4 3 2 -1 0 0|  4 3 2 -1 1 -1|  4 3 2 -1 2 -2|  4 3 2 0 -2 1|  4 3 2 0 -1 0|  4 3 2 0 0 -1|  4 3 2 0 1 -2|  4 3 2 1 -2 0|  4 3 2 1 -1 -1|  4 3 2 1 0 -2|  4 3 2 2 -2 -1|  4 3 2 2 -1 -2|  4 4 -2 -2 2 2|  4 4 -2 -1 1 2|  4 4 -2 -1 2 1|  4 4 -2 0 0 2|  4 4 -2 0 1 1|  4 4 -2 0 2 0|  4 4 -2 1 -1 2|  4 4 -2 1 0 1|  4 4 -2 1 1 0|  4 4 -2 1 2 -1|  4 4 -2 2 -2 2|  4 4 -2 2 -1 1|  4 4 -2 2 0 0|  4 4 -2 2 1 -1|  4 4 -2 2 2 -2|  4 4 -1 -2 1 2|  4 4 -1 -2 2 1|  4 4 -1 -1 0 2|  4 4 -1 -1 1 1|  4 4 -1 -1 2 0|  4 4 -1 0 -1 2|  4 4 -1 0 0 1|  4 4 -1 0 1 0|  4 4 -1 0 2 -1|  4 4 -1 1 -2 2|  4 4 -1 1 -1 1|  4 4 -1 1 0 0|  4 4 -1 1 1 -1|  4 4 -1 1 2 -2|  4 4 -1 2 -2 1|  4 4 -1 2 -1 0|  4 4 -1 2 0 -1|  4 4 -1 2 1 -2|  4 4 0 -2 0 2|  4 4 0 -2 1 1|  4 4 0 -2 2 0|  4 4 0 -1 -1 2|  4 4 0 -1 0 1|  4 4 0 -1 1 0|  4 4 0 -1 2 -1|  4 4 0 0 -2 2|  4 4 0 0 -1 1|  4 4 0 0 0 0|  4 4 0 0 1 -1|  4 4 0 0 2 -2|  4 4 0 1 -2 1|  4 4 0 1 -1 0|  4 4 0 1 0 -1|  4 4 0 1 1 -2|  4 4 0 2 -2 0|  4 4 0 2 -1 -1|  4 4 0 2 0 -2|  4 4 1 -2 -1 2|  4 4 1 -2 0 1|  4 4 1 -2 1 0|  4 4 1 -2 2 -1|  4 4 1 -1 -2 2|  4 4 1 -1 -1 1|  4 4 1 -1 0 0|  4 4 1 -1 1 -1|  4 4 1 -1 2 -2|  4 4 1 0 -2 1|  4 4 1 0 -1 0|  4 4 1 0 0 -1|  4 4 1 0 1 -2|  4 4 1 1 -2 0|  4 4 1 1 -1 -1|  4 4 1 1 0 -2|  4 4 1 2 -2 -1|  4 4 1 2 -1 -2|  4 4 2 -2 -2 2|  4 4 2 -2 -1 1|  4 4 2 -2 0 0|  4 4 2 -2 1 -1|  4 4 2 -2 2 -2|  4 4 2 -1 -2 1|  4 4 2 -1 -1 0|  4 4 2 -1 0 -1|  4 4 2 -1 1 -2|  4 4 2 0 -2 0|  4 4 2 0 -1 -1|  4 4 2 0 0 -2|  4 4 2 1 -2 -1|  4 4 2 1 -1 -2|  4 4 2 2 -2 -2</relation><relation arity="1" defaultCost="infinity" name="OBJPL1" nbTuples="5" semantics="soft">16: 0| 7: 1| 2: 2| 0: 3| 0: 4</relation><relation arity="1" defaultCost="infinity" name="OBJPL2" nbTuples="5" semantics="soft">16: 0| 7: 1| 2: 2| 0: 3| 0: 4</relation><relation arity="1" defaultCost="infinity" name="OBJPL3" nbTuples="5" semantics="soft">16: 0| 7: 1| 2: 2| 0: 3| 0: 4</relation><relation arity="1" defaultCost="infinity" name="OBJPL4" nbTuples="5" semantics="soft">16: 0| 7: 1| 2: 2| 0: 3| 0: 4</relation><relation arity="1" defaultCost="infinity" name="OBJPL5" nbTuples="5" semantics="soft">16: 0| 7: 1| 2: 2| 0: 3| 0: 4</relation><relation arity="1" defaultCost="infinity" name="OBJPL6" nbTuples="5" semantics="soft">16: 0| 7: 1| 2: 2| 0: 3| 0: 4</relation><relation arity="1" defaultCost="infinity" name="OBJPL7" nbTuples="5" semantics="soft">16: 0| 7: 1| 2: 2| 0: 3| 0: 4</relation><relation arity="1" defaultCost="infinity" name="OBJPL8" nbTuples="5" semantics="soft">16: 0| 7: 1| 2: 2| 0: 3| 0: 4</relation><relation arity="1" defaultCost="infinity" name="OBJPL9" nbTuples="5" semantics="soft">16: 0| 7: 1| 2: 2| 0: 3| 0: 4</relation><relation arity="1" defaultCost="infinity" name="OBJPL10" nbTuples="5" semantics="soft">16: 0| 7: 1| 2: 2| 0: 3| 0: 4</relation><relation arity="1" defaultCost="infinity" name="OBJPL11" nbTuples="5" semantics="soft">16: 0| 7: 1| 2: 2| 0: 3| 0: 4</relation><relation arity="1" defaultCost="infinity" name="OBJPL12" nbTuples="5" semantics="soft">16: 0| 7: 1| 2: 2| 0: 3| 0: 4</relation><relation arity="1" defaultCost="infinity" name="OBJPL13" nbTuples="5" semantics="soft">16: 0| 7: 1| 2: 2| 0: 3| 0: 4</relation><relation arity="1" defaultCost="infinity" name="OBJPG1" nbTuples="5" semantics="soft">10: 0| 12: 1| 11: 2| 10: 3| 10: 4</relation><relation arity="1" defaultCost="infinity" name="OBJPG2" nbTuples="5" semantics="soft">10: 0| 12: 1| 11: 2| 10: 3| 10: 4</relation><relation arity="1" defaultCost="infinity" name="OBJPG3" nbTuples="5" semantics="soft">10: 0| 12: 1| 11: 2| 10: 3| 10: 4</relation><relation arity="1" defaultCost="infinity" name="OBJPG4" nbTuples="5" semantics="soft">10: 0| 12: 1| 11: 2| 10: 3| 10: 4</relation><relation arity="1" defaultCost="infinity" name="OBJPG5" nbTuples="5" semantics="soft">10: 0| 12: 1| 11: 2| 10: 3| 10: 4</relation><relation arity="1" defaultCost="infinity" name="OBJPG6" nbTuples="5" semantics="soft">10: 0| 12: 1| 11: 2| 10: 3| 10: 4</relation><relation arity="1" defaultCost="infinity" name="OBJPG7" nbTuples="5" semantics="soft">10: 0| 12: 1| 11: 2| 10: 3| 10: 4</relation><relation arity="1" defaultCost="infinity" name="OBJPG8" nbTuples="5" semantics="soft">10: 0| 12: 1| 11: 2| 10: 3| 10: 4</relation><relation arity="1" defaultCost="infinity" name="OBJPG9" nbTuples="5" semantics="soft">10: 0| 12: 1| 11: 2| 10: 3| 10: 4</relation><relation arity="1" defaultCost="infinity" name="OBJPG10" nbTuples="5" semantics="soft">10: 0| 12: 1| 11: 2| 10: 3| 10: 4</relation><relation arity="1" defaultCost="infinity" name="OBJPG11" nbTuples="5" semantics="soft">10: 0| 12: 1| 11: 2| 10: 3| 10: 4</relation><relation arity="1" defaultCost="infinity" name="OBJPG12" nbTuples="5" semantics="soft">10: 0| 12: 1| 11: 2| 10: 3| 10: 4</relation><relation arity="1" defaultCost="infinity" name="OBJPG13" nbTuples="5" semantics="soft">10: 0| 12: 1| 11: 2| 10: 3| 10: 4</relation></relations><constraints nbConstraints="51"><constraint arity="2" name="pt12_and_pt21_are_EQO" reference="EQO" scope="pt12 pt21"/><constraint arity="2" name="pt23_and_pt32_are_EQO" reference="EQO" scope="pt23 pt32"/><constraint arity="2" name="pt36_and_pt63_are_EQO" reference="EQO" scope="pt36 pt63"/><constraint arity="2" name="pt39_and_pt93_are_EQO" reference="EQO" scope="pt39 pt93"/><constraint arity="2" name="pt34_and_pt43_are_EQO" reference="EQO" scope="pt34 pt43"/><constraint arity="2" name="pt45_and_pt54_are_EQO" reference="EQO" scope="pt45 pt54"/><constraint arity="2" name="pt78_and_pt87_are_EQO" reference="EQO" scope="pt78 pt87"/><constraint arity="2" name="pt89_and_pt98_are_EQO" reference="EQO" scope="pt89 pt98"/><constraint arity="2" name="pt812_and_pt128_are_EQO" reference="EQO" scope="pt812 pt128"/><constraint arity="2" name="pt913_and_pt139_are_EQO" reference="EQO" scope="pt913 pt139"/><constraint arity="2" name="pt910_and_pt109_are_EQO" reference="EQO" scope="pt910 pt109"/><constraint arity="2" name="pt1011_and_pt1110_are_EQO" reference="EQO" scope="pt1011 pt1110"/><constraint arity="3" name="pg1_pl1_pt12_are_balanced" reference="BALANCE1" scope="pg1 pl1 pt12"/><constraint arity="4" name="pg2_pl2_pt21_pt23_are_balanced" reference="BALANCE2" scope="pg2 pl2 pt21 pt23"/><constraint arity="6" name="pg3_pl3_pt32_pt36_pt39_pt34_are_balanced" reference="BALANCE4" scope="pg3 pl3 pt32 pt36 pt39 pt34"/><constraint arity="4" name="pg4_pl4_pt43_pt45_are_balanced" reference="BALANCE2" scope="pg4 pl4 pt43 pt45"/><constraint arity="3" name="pg5_pl5_pt54_are_balanced" reference="BALANCE1" scope="pg5 pl5 pt54"/><constraint arity="3" name="pg6_pl6_pt63_are_balanced" reference="BALANCE1" scope="pg6 pl6 pt63"/><constraint arity="3" name="pg7_pl7_pt78_are_balanced" reference="BALANCE1" scope="pg7 pl7 pt78"/><constraint arity="5" name="pg8_pl8_pt87_pt89_pt812_are_balanced" reference="BALANCE3" scope="pg8 pl8 pt87 pt89 pt812"/><constraint arity="6" name="pg9_pl9_pt93_pt98_pt913_pt910_are_balanced" reference="BALANCE4" scope="pg9 pl9 pt93 pt98 pt913 pt910"/><constraint arity="4" name="pg10_pl10_pt1011_pt109_are_balanced" reference="BALANCE2" scope="pg10 pl10 pt1011 pt109"/><constraint arity="3" name="pg11_pl11_pt1110_are_balanced" reference="BALANCE1" scope="pg11 pl11 pt1110"/><constraint arity="3" name="pg12_pl12_pt128_are_balanced" reference="BALANCE1" scope="pg12 pl12 pt128"/><constraint arity="3" name="pg13_pl13_pt139_are_balanced" reference="BALANCE1" scope="pg13 pl13 pt139"/><constraint arity="1" name="Agent_1_Objective_Function_G" reference="OBJPG1" scope="pg1"/><constraint arity="1" name="Agent_2_Objective_Function_G" reference="OBJPG2" scope="pg2"/><constraint arity="1" name="Agent_3_Objective_Function_G" reference="OBJPG3" scope="pg3"/><constraint arity="1" name="Agent_4_Objective_Function_G" reference="OBJPG4" scope="pg4"/><constraint arity="1" name="Agent_5_Objective_Function_G" reference="OBJPG5" scope="pg5"/><constraint arity="1" name="Agent_6_Objective_Function_G" reference="OBJPG6" scope="pg6"/><constraint arity="1" name="Agent_7_Objective_Function_G" reference="OBJPG7" scope="pg7"/><constraint arity="1" name="Agent_8_Objective_Function_G" reference="OBJPG8" scope="pg8"/><constraint arity="1" name="Agent_9_Objective_Function_G" reference="OBJPG9" scope="pg9"/><constraint arity="1" name="Agent_10_Objective_Function_G" reference="OBJPG10" scope="pg10"/><constraint arity="1" name="Agent_11_Objective_Function_G" reference="OBJPG11" scope="pg11"/><constraint arity="1" name="Agent_12_Objective_Function_G" reference="OBJPG12" scope="pg12"/><constraint arity="1" name="Agent_13_Objective_Function_G" reference="OBJPG13" scope="pg13"/><constraint arity="1" name="Agent_1_Objective_Function_L" reference="OBJPL1" scope="pl1"/><constraint arity="1" name="Agent_2_Objective_Function_L" reference="OBJPL2" scope="pl2"/><constraint arity="1" name="Agent_3_Objective_Function_L" reference="OBJPL3" scope="pl3"/><constraint arity="1" name="Agent_4_Objective_Function_L" reference="OBJPL4" scope="pl4"/><constraint arity="1" name="Agent_5_Objective_Function_L" reference="OBJPL5" scope="pl5"/><constraint arity="1" name="Agent_6_Objective_Function_L" reference="OBJPL6" scope="pl6"/><constraint arity="1" name="Agent_7_Objective_Function_L" reference="OBJPL7" scope="pl7"/><constraint arity="1" name="Agent_8_Objective_Function_L" reference="OBJPL8" scope="pl8"/><constraint arity="1" name="Agent_9_Objective_Function_L" reference="OBJPL9" scope="pl9"/><constraint arity="1" name="Agent_10_Objective_Function_L" reference="OBJPL10" scope="pl10"/><constraint arity="1" name="Agent_11_Objective_Function_L" reference="OBJPL11" scope="pl11"/><constraint arity="1" name="Agent_12_Objective_Function_L" reference="OBJPL12" scope="pl12"/><constraint arity="1" name="Agent_13_Objective_Function_L" reference="OBJPL13" scope="pl13"/></constraints></instance>