<?xml version="1.0" encoding="UTF-8" standalone="no"?><instance><presentation format="XCSP 2.1_FRODO" maxConstraint="6" maximize="false" name="37BusD5_exp"/><agents nbAgents="37"><agent name="A1"/><agent name="A2"/><agent name="A3"/><agent name="A4"/><agent name="A5"/><agent name="A6"/><agent name="A7"/><agent name="A8"/><agent name="A9"/><agent name="A10"/><agent name="A11"/><agent name="A12"/><agent name="A13"/><agent name="A14"/><agent name="A15"/><agent name="A16"/><agent name="A17"/><agent name="A18"/><agent name="A19"/><agent name="A20"/><agent name="A21"/><agent name="A22"/><agent name="A23"/><agent name="A24"/><agent name="A25"/><agent name="A26"/><agent name="A27"/><agent name="A28"/><agent name="A29"/><agent name="A30"/><agent name="A31"/><agent name="A32"/><agent name="A33"/><agent name="A34"/><agent name="A35"/><agent name="A36"/><agent name="A37"/></agents><domains nbDomains="146"><domain name="PgCap1" nbValues="5">0..4</domain><domain name="PgCap2" nbValues="5">0..4</domain><domain name="PgCap3" nbValues="5">0..4</domain><domain name="PgCap4" nbValues="5">0..4</domain><domain name="PgCap5" nbValues="5">0..4</domain><domain name="PgCap6" nbValues="5">0..4</domain><domain name="PgCap7" nbValues="5">0..4</domain><domain name="PgCap8" nbValues="5">0..4</domain><domain name="PgCap9" nbValues="5">0..4</domain><domain name="PgCap10" nbValues="5">0..4</domain><domain name="PgCap11" nbValues="5">0..4</domain><domain name="PgCap12" nbValues="5">0..4</domain><domain name="PgCap13" nbValues="5">0..4</domain><domain name="PgCap14" nbValues="5">0..4</domain><domain name="PgCap15" nbValues="5">0..4</domain><domain name="PgCap16" nbValues="5">0..4</domain><domain name="PgCap17" nbValues="5">0..4</domain><domain name="PgCap18" nbValues="5">0..4</domain><domain name="PgCap19" nbValues="5">0..4</domain><domain name="PgCap20" nbValues="5">0..4</domain><domain name="PgCap21" nbValues="5">0..4</domain><domain name="PgCap22" nbValues="5">0..4</domain><domain name="PgCap23" nbValues="5">0..4</domain><domain name="PgCap24" nbValues="5">0..4</domain><domain name="PgCap25" nbValues="5">0..4</domain><domain name="PgCap26" nbValues="5">0..4</domain><domain name="PgCap27" nbValues="5">0..4</domain><domain name="PgCap28" nbValues="5">0..4</domain><domain name="PgCap29" nbValues="5">0..4</domain><domain name="PgCap30" nbValues="5">0..4</domain><domain name="PgCap31" nbValues="5">0..4</domain><domain name="PgCap32" nbValues="5">0..4</domain><domain name="PgCap33" nbValues="5">0..4</domain><domain name="PgCap34" nbValues="5">0..4</domain><domain name="PgCap35" nbValues="5">0..4</domain><domain name="PgCap36" nbValues="5">0..4</domain><domain name="PgCap37" nbValues="5">0..4</domain><domain name="PlCap1" nbValues="5">0..4</domain><domain name="PlCap2" nbValues="5">0..4</domain><domain name="PlCap3" nbValues="5">0..4</domain><domain name="PlCap4" nbValues="5">0..4</domain><domain name="PlCap5" nbValues="5">0..4</domain><domain name="PlCap6" nbValues="5">0..4</domain><domain name="PlCap7" nbValues="5">0..4</domain><domain name="PlCap8" nbValues="5">0..4</domain><domain name="PlCap9" nbValues="5">0..4</domain><domain name="PlCap10" nbValues="5">0..4</domain><domain name="PlCap11" nbValues="5">0..4</domain><domain name="PlCap12" nbValues="5">0..4</domain><domain name="PlCap13" nbValues="5">0..4</domain><domain name="PlCap14" nbValues="5">0..4</domain><domain name="PlCap15" nbValues="5">0..4</domain><domain name="PlCap16" nbValues="5">0..4</domain><domain name="PlCap17" nbValues="5">0..4</domain><domain name="PlCap18" nbValues="5">0..4</domain><domain name="PlCap19" nbValues="5">0..4</domain><domain name="PlCap20" nbValues="5">0..4</domain><domain name="PlCap21" nbValues="5">0..4</domain><domain name="PlCap22" nbValues="5">0..4</domain><domain name="PlCap23" nbValues="5">0..4</domain><domain name="PlCap24" nbValues="5">0..4</domain><domain name="PlCap25" nbValues="5">0..4</domain><domain name="PlCap26" nbValues="5">0..4</domain><domain name="PlCap27" nbValues="5">0..4</domain><domain name="PlCap28" nbValues="5">0..4</domain><domain name="PlCap29" nbValues="5">0..4</domain><domain name="PlCap30" nbValues="5">0..4</domain><domain name="PlCap31" nbValues="5">0..4</domain><domain name="PlCap32" nbValues="5">0..4</domain><domain name="PlCap33" nbValues="5">0..4</domain><domain name="PlCap34" nbValues="5">0..4</domain><domain name="PlCap35" nbValues="5">0..4</domain><domain name="PlCap36" nbValues="5">0..4</domain><domain name="PlCap37" nbValues="5">0..4</domain><domain name="PtCap12" nbValues="5">-2..2</domain><domain name="PtCap21" nbValues="5">-2..2</domain><domain name="PtCap23" nbValues="5">-2..2</domain><domain name="PtCap24" nbValues="5">-2..2</domain><domain name="PtCap32" nbValues="5">-2..2</domain><domain name="PtCap417" nbValues="5">-2..2</domain><domain name="PtCap42" nbValues="5">-2..2</domain><domain name="PtCap45" nbValues="5">-2..2</domain><domain name="PtCap47" nbValues="5">-2..2</domain><domain name="PtCap54" nbValues="5">-2..2</domain><domain name="PtCap56" nbValues="5">-2..2</domain><domain name="PtCap65" nbValues="5">-2..2</domain><domain name="PtCap74" nbValues="5">-2..2</domain><domain name="PtCap78" nbValues="5">-2..2</domain><domain name="PtCap810" nbValues="5">-2..2</domain><domain name="PtCap87" nbValues="5">-2..2</domain><domain name="PtCap89" nbValues="5">-2..2</domain><domain name="PtCap912" nbValues="5">-2..2</domain><domain name="PtCap914" nbValues="5">-2..2</domain><domain name="PtCap98" nbValues="5">-2..2</domain><domain name="PtCap1011" nbValues="5">-2..2</domain><domain name="PtCap108" nbValues="5">-2..2</domain><domain name="PtCap1110" nbValues="5">-2..2</domain><domain name="PtCap1213" nbValues="5">-2..2</domain><domain name="PtCap129" nbValues="5">-2..2</domain><domain name="PtCap1312" nbValues="5">-2..2</domain><domain name="PtCap1415" nbValues="5">-2..2</domain><domain name="PtCap1416" nbValues="5">-2..2</domain><domain name="PtCap149" nbValues="5">-2..2</domain><domain name="PtCap1514" nbValues="5">-2..2</domain><domain name="PtCap1614" nbValues="5">-2..2</domain><domain name="PtCap1718" nbValues="5">-2..2</domain><domain name="PtCap1722" nbValues="5">-2..2</domain><domain name="PtCap174" nbValues="5">-2..2</domain><domain name="PtCap1817" nbValues="5">-2..2</domain><domain name="PtCap1819" nbValues="5">-2..2</domain><domain name="PtCap1918" nbValues="5">-2..2</domain><domain name="PtCap1920" nbValues="5">-2..2</domain><domain name="PtCap1921" nbValues="5">-2..2</domain><domain name="PtCap2019" nbValues="5">-2..2</domain><domain name="PtCap2119" nbValues="5">-2..2</domain><domain name="PtCap2217" nbValues="5">-2..2</domain><domain name="PtCap2223" nbValues="5">-2..2</domain><domain name="PtCap2322" nbValues="5">-2..2</domain><domain name="PtCap2324" nbValues="5">-2..2</domain><domain name="PtCap2325" nbValues="5">-2..2</domain><domain name="PtCap2326" nbValues="5">-2..2</domain><domain name="PtCap2423" nbValues="5">-2..2</domain><domain name="PtCap2523" nbValues="5">-2..2</domain><domain name="PtCap2623" nbValues="5">-2..2</domain><domain name="PtCap2627" nbValues="5">-2..2</domain><domain name="PtCap2628" nbValues="5">-2..2</domain><domain name="PtCap2726" nbValues="5">-2..2</domain><domain name="PtCap2826" nbValues="5">-2..2</domain><domain name="PtCap2829" nbValues="5">-2..2</domain><domain name="PtCap2928" nbValues="5">-2..2</domain><domain name="PtCap2930" nbValues="5">-2..2</domain><domain name="PtCap2935" nbValues="5">-2..2</domain><domain name="PtCap3029" nbValues="5">-2..2</domain><domain name="PtCap3031" nbValues="5">-2..2</domain><domain name="PtCap3130" nbValues="5">-2..2</domain><domain name="PtCap3132" nbValues="5">-2..2</domain><domain name="PtCap3231" nbValues="5">-2..2</domain><domain name="PtCap3233" nbValues="5">-2..2</domain><domain name="PtCap3234" nbValues="5">-2..2</domain><domain name="PtCap3332" nbValues="5">-2..2</domain><domain name="PtCap3432" nbValues="5">-2..2</domain><domain name="PtCap3529" nbValues="5">-2..2</domain><domain name="PtCap3536" nbValues="5">-2..2</domain><domain name="PtCap3537" nbValues="5">-2..2</domain><domain name="PtCap3635" nbValues="5">-2..2</domain><domain name="PtCap3735" nbValues="5">-2..2</domain></domains><variables nbVariables="146"><variable agent="A1" domain="PgCap1" name="pg1"/><variable agent="A2" domain="PgCap2" name="pg2"/><variable agent="A3" domain="PgCap3" name="pg3"/><variable agent="A4" domain="PgCap4" name="pg4"/><variable agent="A5" domain="PgCap5" name="pg5"/><variable agent="A6" domain="PgCap6" name="pg6"/><variable agent="A7" domain="PgCap7" name="pg7"/><variable agent="A8" domain="PgCap8" name="pg8"/><variable agent="A9" domain="PgCap9" name="pg9"/><variable agent="A10" domain="PgCap10" name="pg10"/><variable agent="A11" domain="PgCap11" name="pg11"/><variable agent="A12" domain="PgCap12" name="pg12"/><variable agent="A13" domain="PgCap13" name="pg13"/><variable agent="A14" domain="PgCap14" name="pg14"/><variable agent="A15" domain="PgCap15" name="pg15"/><variable agent="A16" domain="PgCap16" name="pg16"/><variable agent="A17" domain="PgCap17" name="pg17"/><variable agent="A18" domain="PgCap18" name="pg18"/><variable agent="A19" domain="PgCap19" name="pg19"/><variable agent="A20" domain="PgCap20" name="pg20"/><variable agent="A21" domain="PgCap21" name="pg21"/><variable agent="A22" domain="PgCap22" name="pg22"/><variable agent="A23" domain="PgCap23" name="pg23"/><variable agent="A24" domain="PgCap24" name="pg24"/><variable agent="A25" domain="PgCap25" name="pg25"/><variable agent="A26" domain="PgCap26" name="pg26"/><variable agent="A27" domain="PgCap27" name="pg27"/><variable agent="A28" domain="PgCap28" name="pg28"/><variable agent="A29" domain="PgCap29" name="pg29"/><variable agent="A30" domain="PgCap30" name="pg30"/><variable agent="A31" domain="PgCap31" name="pg31"/><variable agent="A32" domain="PgCap32" name="pg32"/><variable agent="A33" domain="PgCap33" name="pg33"/><variable agent="A34" domain="PgCap34" name="pg34"/><variable agent="A35" domain="PgCap35" name="pg35"/><variable agent="A36" domain="PgCap36" name="pg36"/><variable agent="A37" domain="PgCap37" name="pg37"/><variable agent="A1" domain="PlCap1" name="pl1"/><variable agent="A2" domain="PlCap2" name="pl2"/><variable agent="A3" domain="PlCap3" name="pl3"/><variable agent="A4" domain="PlCap4" name="pl4"/><variable agent="A5" domain="PlCap5" name="pl5"/><variable agent="A6" domain="PlCap6" name="pl6"/><variable agent="A7" domain="PlCap7" name="pl7"/><variable agent="A8" domain="PlCap8" name="pl8"/><variable agent="A9" domain="PlCap9" name="pl9"/><variable agent="A10" domain="PlCap10" name="pl10"/><variable agent="A11" domain="PlCap11" name="pl11"/><variable agent="A12" domain="PlCap12" name="pl12"/><variable agent="A13" domain="PlCap13" name="pl13"/><variable agent="A14" domain="PlCap14" name="pl14"/><variable agent="A15" domain="PlCap15" name="pl15"/><variable agent="A16" domain="PlCap16" name="pl16"/><variable agent="A17" domain="PlCap17" name="pl17"/><variable agent="A18" domain="PlCap18" name="pl18"/><variable agent="A19" domain="PlCap19" name="pl19"/><variable agent="A20" domain="PlCap20" name="pl20"/><variable agent="A21" domain="PlCap21" name="pl21"/><variable agent="A22" domain="PlCap22" name="pl22"/><variable agent="A23" domain="PlCap23" name="pl23"/><variable agent="A24" domain="PlCap24" name="pl24"/><variable agent="A25" domain="PlCap25" name="pl25"/><variable agent="A26" domain="PlCap26" name="pl26"/><variable agent="A27" domain="PlCap27" name="pl27"/><variable agent="A28" domain="PlCap28" name="pl28"/><variable agent="A29" domain="PlCap29" name="pl29"/><variable agent="A30" domain="PlCap30" name="pl30"/><variable agent="A31" domain="PlCap31" name="pl31"/><variable agent="A32" domain="PlCap32" name="pl32"/><variable agent="A33" domain="PlCap33" name="pl33"/><variable agent="A34" domain="PlCap34" name="pl34"/><variable agent="A35" domain="PlCap35" name="pl35"/><variable agent="A36" domain="PlCap36" name="pl36"/><variable agent="A37" domain="PlCap37" name="pl37"/><variable agent="A1" domain="PtCap12" name="pt12"/><variable agent="A2" domain="PtCap21" name="pt21"/><variable agent="A2" domain="PtCap23" name="pt23"/><variable agent="A2" domain="PtCap24" name="pt24"/><variable agent="A3" domain="PtCap32" name="pt32"/><variable agent="A4" domain="PtCap417" name="pt417"/><variable agent="A4" domain="PtCap42" name="pt42"/><variable agent="A4" domain="PtCap45" name="pt45"/><variable agent="A4" domain="PtCap47" name="pt47"/><variable agent="A5" domain="PtCap54" name="pt54"/><variable agent="A5" domain="PtCap56" name="pt56"/><variable agent="A6" domain="PtCap65" name="pt65"/><variable agent="A7" domain="PtCap74" name="pt74"/><variable agent="A7" domain="PtCap78" name="pt78"/><variable agent="A8" domain="PtCap810" name="pt810"/><variable agent="A8" domain="PtCap87" name="pt87"/><variable agent="A8" domain="PtCap89" name="pt89"/><variable agent="A9" domain="PtCap912" name="pt912"/><variable agent="A9" domain="PtCap914" name="pt914"/><variable agent="A9" domain="PtCap98" name="pt98"/><variable agent="A10" domain="PtCap1011" name="pt1011"/><variable agent="A10" domain="PtCap108" name="pt108"/><variable agent="A11" domain="PtCap1110" name="pt1110"/><variable agent="A12" domain="PtCap1213" name="pt1213"/><variable agent="A12" domain="PtCap129" name="pt129"/><variable agent="A13" domain="PtCap1312" name="pt1312"/><variable agent="A14" domain="PtCap1415" name="pt1415"/><variable agent="A14" domain="PtCap1416" name="pt1416"/><variable agent="A14" domain="PtCap149" name="pt149"/><variable agent="A15" domain="PtCap1514" name="pt1514"/><variable agent="A16" domain="PtCap1614" name="pt1614"/><variable agent="A17" domain="PtCap1718" name="pt1718"/><variable agent="A17" domain="PtCap1722" name="pt1722"/><variable agent="A17" domain="PtCap174" name="pt174"/><variable agent="A18" domain="PtCap1817" name="pt1817"/><variable agent="A18" domain="PtCap1819" name="pt1819"/><variable agent="A19" domain="PtCap1918" name="pt1918"/><variable agent="A19" domain="PtCap1920" name="pt1920"/><variable agent="A19" domain="PtCap1921" name="pt1921"/><variable agent="A20" domain="PtCap2019" name="pt2019"/><variable agent="A21" domain="PtCap2119" name="pt2119"/><variable agent="A22" domain="PtCap2217" name="pt2217"/><variable agent="A22" domain="PtCap2223" name="pt2223"/><variable agent="A23" domain="PtCap2322" name="pt2322"/><variable agent="A23" domain="PtCap2324" name="pt2324"/><variable agent="A23" domain="PtCap2325" name="pt2325"/><variable agent="A23" domain="PtCap2326" name="pt2326"/><variable agent="A24" domain="PtCap2423" name="pt2423"/><variable agent="A25" domain="PtCap2523" name="pt2523"/><variable agent="A26" domain="PtCap2623" name="pt2623"/><variable agent="A26" domain="PtCap2627" name="pt2627"/><variable agent="A26" domain="PtCap2628" name="pt2628"/><variable agent="A27" domain="PtCap2726" name="pt2726"/><variable agent="A28" domain="PtCap2826" name="pt2826"/><variable agent="A28" domain="PtCap2829" name="pt2829"/><variable agent="A29" domain="PtCap2928" name="pt2928"/><variable agent="A29" domain="PtCap2930" name="pt2930"/><variable agent="A29" domain="PtCap2935" name="pt2935"/><variable agent="A30" domain="PtCap3029" name="pt3029"/><variable agent="A30" domain="PtCap3031" name="pt3031"/><variable agent="A31" domain="PtCap3130" name="pt3130"/><variable agent="A31" domain="PtCap3132" name="pt3132"/><variable agent="A32" domain="PtCap3231" name="pt3231"/><variable agent="A32" domain="PtCap3233" name="pt3233"/><variable agent="A32" domain="PtCap3234" name="pt3234"/><variable agent="A33" domain="PtCap3332" name="pt3332"/><variable agent="A34" domain="PtCap3432" name="pt3432"/><variable agent="A35" domain="PtCap3529" name="pt3529"/><variable agent="A35" domain="PtCap3536" name="pt3536"/><variable agent="A35" domain="PtCap3537" name="pt3537"/><variable agent="A36" domain="PtCap3635" name="pt3635"/><variable agent="A37" domain="PtCap3735" name="pt3735"/></variables><relations nbRelations="80"><relation arity="2" defaultCost="infinity" name="EQO" nbTuples="5" semantics="soft">0: -2 2| -1 1| 0 0| 1 -1| 2 -2</relation><relation arity="2" defaultCost="infinity" name="BALANCE0" nbTuples="5" semantics="soft">0:  0 0 |  1 1 |  2 2 |  3 3 |  4 4 </relation><relation arity="3" defaultCost="infinity" name="BALANCE1" nbTuples="19" semantics="soft">0:  0 0 0|  0 1 -1|  0 2 -2|  1 0 1|  1 1 0|  1 2 -1|  1 3 -2|  2 0 2|  2 1 1|  2 2 0|  2 3 -1|  2 4 -2|  3 1 2|  3 2 1|  3 3 0|  3 4 -1|  4 2 2|  4 3 1|  4 4 0</relation><relation arity="4" defaultCost="infinity" name="BALANCE2" nbTuples="85" semantics="soft">0:  0 0 -2 2|  0 0 -1 1|  0 0 0 0|  0 0 1 -1|  0 0 2 -2|  0 1 -2 1|  0 1 -1 0|  0 1 0 -1|  0 1 1 -2|  0 2 -2 0|  0 2 -1 -1|  0 2 0 -2|  0 3 -2 -1|  0 3 -1 -2|  0 4 -2 -2|  1 0 -1 2|  1 0 0 1|  1 0 1 0|  1 0 2 -1|  1 1 -2 2|  1 1 -1 1|  1 1 0 0|  1 1 1 -1|  1 1 2 -2|  1 2 -2 1|  1 2 -1 0|  1 2 0 -1|  1 2 1 -2|  1 3 -2 0|  1 3 -1 -1|  1 3 0 -2|  1 4 -2 -1|  1 4 -1 -2|  2 0 0 2|  2 0 1 1|  2 0 2 0|  2 1 -1 2|  2 1 0 1|  2 1 1 0|  2 1 2 -1|  2 2 -2 2|  2 2 -1 1|  2 2 0 0|  2 2 1 -1|  2 2 2 -2|  2 3 -2 1|  2 3 -1 0|  2 3 0 -1|  2 3 1 -2|  2 4 -2 0|  2 4 -1 -1|  2 4 0 -2|  3 0 1 2|  3 0 2 1|  3 1 0 2|  3 1 1 1|  3 1 2 0|  3 2 -1 2|  3 2 0 1|  3 2 1 0|  3 2 2 -1|  3 3 -2 2|  3 3 -1 1|  3 3 0 0|  3 3 1 -1|  3 3 2 -2|  3 4 -2 1|  3 4 -1 0|  3 4 0 -1|  3 4 1 -2|  4 0 2 2|  4 1 1 2|  4 1 2 1|  4 2 0 2|  4 2 1 1|  4 2 2 0|  4 3 -1 2|  4 3 0 1|  4 3 1 0|  4 3 2 -1|  4 4 -2 2|  4 4 -1 1|  4 4 0 0|  4 4 1 -1|  4 4 2 -2</relation><relation arity="5" defaultCost="infinity" name="BALANCE3" nbTuples="381" semantics="soft">0:  0 0 -2 0 2|  0 0 -2 1 1|  0 0 -2 2 0|  0 0 -1 -1 2|  0 0 -1 0 1|  0 0 -1 1 0|  0 0 -1 2 -1|  0 0 0 -2 2|  0 0 0 -1 1|  0 0 0 0 0|  0 0 0 1 -1|  0 0 0 2 -2|  0 0 1 -2 1|  0 0 1 -1 0|  0 0 1 0 -1|  0 0 1 1 -2|  0 0 2 -2 0|  0 0 2 -1 -1|  0 0 2 0 -2|  0 1 -2 -1 2|  0 1 -2 0 1|  0 1 -2 1 0|  0 1 -2 2 -1|  0 1 -1 -2 2|  0 1 -1 -1 1|  0 1 -1 0 0|  0 1 -1 1 -1|  0 1 -1 2 -2|  0 1 0 -2 1|  0 1 0 -1 0|  0 1 0 0 -1|  0 1 0 1 -2|  0 1 1 -2 0|  0 1 1 -1 -1|  0 1 1 0 -2|  0 1 2 -2 -1|  0 1 2 -1 -2|  0 2 -2 -2 2|  0 2 -2 -1 1|  0 2 -2 0 0|  0 2 -2 1 -1|  0 2 -2 2 -2|  0 2 -1 -2 1|  0 2 -1 -1 0|  0 2 -1 0 -1|  0 2 -1 1 -2|  0 2 0 -2 0|  0 2 0 -1 -1|  0 2 0 0 -2|  0 2 1 -2 -1|  0 2 1 -1 -2|  0 2 2 -2 -2|  0 3 -2 -2 1|  0 3 -2 -1 0|  0 3 -2 0 -1|  0 3 -2 1 -2|  0 3 -1 -2 0|  0 3 -1 -1 -1|  0 3 -1 0 -2|  0 3 0 -2 -1|  0 3 0 -1 -2|  0 3 1 -2 -2|  0 4 -2 -2 0|  0 4 -2 -1 -1|  0 4 -2 0 -2|  0 4 -1 -2 -1|  0 4 -1 -1 -2|  0 4 0 -2 -2|  1 0 -2 1 2|  1 0 -2 2 1|  1 0 -1 0 2|  1 0 -1 1 1|  1 0 -1 2 0|  1 0 0 -1 2|  1 0 0 0 1|  1 0 0 1 0|  1 0 0 2 -1|  1 0 1 -2 2|  1 0 1 -1 1|  1 0 1 0 0|  1 0 1 1 -1|  1 0 1 2 -2|  1 0 2 -2 1|  1 0 2 -1 0|  1 0 2 0 -1|  1 0 2 1 -2|  1 1 -2 0 2|  1 1 -2 1 1|  1 1 -2 2 0|  1 1 -1 -1 2|  1 1 -1 0 1|  1 1 -1 1 0|  1 1 -1 2 -1|  1 1 0 -2 2|  1 1 0 -1 1|  1 1 0 0 0|  1 1 0 1 -1|  1 1 0 2 -2|  1 1 1 -2 1|  1 1 1 -1 0|  1 1 1 0 -1|  1 1 1 1 -2|  1 1 2 -2 0|  1 1 2 -1 -1|  1 1 2 0 -2|  1 2 -2 -1 2|  1 2 -2 0 1|  1 2 -2 1 0|  1 2 -2 2 -1|  1 2 -1 -2 2|  1 2 -1 -1 1|  1 2 -1 0 0|  1 2 -1 1 -1|  1 2 -1 2 -2|  1 2 0 -2 1|  1 2 0 -1 0|  1 2 0 0 -1|  1 2 0 1 -2|  1 2 1 -2 0|  1 2 1 -1 -1|  1 2 1 0 -2|  1 2 2 -2 -1|  1 2 2 -1 -2|  1 3 -2 -2 2|  1 3 -2 -1 1|  1 3 -2 0 0|  1 3 -2 1 -1|  1 3 -2 2 -2|  1 3 -1 -2 1|  1 3 -1 -1 0|  1 3 -1 0 -1|  1 3 -1 1 -2|  1 3 0 -2 0|  1 3 0 -1 -1|  1 3 0 0 -2|  1 3 1 -2 -1|  1 3 1 -1 -2|  1 3 2 -2 -2|  1 4 -2 -2 1|  1 4 -2 -1 0|  1 4 -2 0 -1|  1 4 -2 1 -2|  1 4 -1 -2 0|  1 4 -1 -1 -1|  1 4 -1 0 -2|  1 4 0 -2 -1|  1 4 0 -1 -2|  1 4 1 -2 -2|  2 0 -2 2 2|  2 0 -1 1 2|  2 0 -1 2 1|  2 0 0 0 2|  2 0 0 1 1|  2 0 0 2 0|  2 0 1 -1 2|  2 0 1 0 1|  2 0 1 1 0|  2 0 1 2 -1|  2 0 2 -2 2|  2 0 2 -1 1|  2 0 2 0 0|  2 0 2 1 -1|  2 0 2 2 -2|  2 1 -2 1 2|  2 1 -2 2 1|  2 1 -1 0 2|  2 1 -1 1 1|  2 1 -1 2 0|  2 1 0 -1 2|  2 1 0 0 1|  2 1 0 1 0|  2 1 0 2 -1|  2 1 1 -2 2|  2 1 1 -1 1|  2 1 1 0 0|  2 1 1 1 -1|  2 1 1 2 -2|  2 1 2 -2 1|  2 1 2 -1 0|  2 1 2 0 -1|  2 1 2 1 -2|  2 2 -2 0 2|  2 2 -2 1 1|  2 2 -2 2 0|  2 2 -1 -1 2|  2 2 -1 0 1|  2 2 -1 1 0|  2 2 -1 2 -1|  2 2 0 -2 2|  2 2 0 -1 1|  2 2 0 0 0|  2 2 0 1 -1|  2 2 0 2 -2|  2 2 1 -2 1|  2 2 1 -1 0|  2 2 1 0 -1|  2 2 1 1 -2|  2 2 2 -2 0|  2 2 2 -1 -1|  2 2 2 0 -2|  2 3 -2 -1 2|  2 3 -2 0 1|  2 3 -2 1 0|  2 3 -2 2 -1|  2 3 -1 -2 2|  2 3 -1 -1 1|  2 3 -1 0 0|  2 3 -1 1 -1|  2 3 -1 2 -2|  2 3 0 -2 1|  2 3 0 -1 0|  2 3 0 0 -1|  2 3 0 1 -2|  2 3 1 -2 0|  2 3 1 -1 -1|  2 3 1 0 -2|  2 3 2 -2 -1|  2 3 2 -1 -2|  2 4 -2 -2 2|  2 4 -2 -1 1|  2 4 -2 0 0|  2 4 -2 1 -1|  2 4 -2 2 -2|  2 4 -1 -2 1|  2 4 -1 -1 0|  2 4 -1 0 -1|  2 4 -1 1 -2|  2 4 0 -2 0|  2 4 0 -1 -1|  2 4 0 0 -2|  2 4 1 -2 -1|  2 4 1 -1 -2|  2 4 2 -2 -2|  3 0 -1 2 2|  3 0 0 1 2|  3 0 0 2 1|  3 0 1 0 2|  3 0 1 1 1|  3 0 1 2 0|  3 0 2 -1 2|  3 0 2 0 1|  3 0 2 1 0|  3 0 2 2 -1|  3 1 -2 2 2|  3 1 -1 1 2|  3 1 -1 2 1|  3 1 0 0 2|  3 1 0 1 1|  3 1 0 2 0|  3 1 1 -1 2|  3 1 1 0 1|  3 1 1 1 0|  3 1 1 2 -1|  3 1 2 -2 2|  3 1 2 -1 1|  3 1 2 0 0|  3 1 2 1 -1|  3 1 2 2 -2|  3 2 -2 1 2|  3 2 -2 2 1|  3 2 -1 0 2|  3 2 -1 1 1|  3 2 -1 2 0|  3 2 0 -1 2|  3 2 0 0 1|  3 2 0 1 0|  3 2 0 2 -1|  3 2 1 -2 2|  3 2 1 -1 1|  3 2 1 0 0|  3 2 1 1 -1|  3 2 1 2 -2|  3 2 2 -2 1|  3 2 2 -1 0|  3 2 2 0 -1|  3 2 2 1 -2|  3 3 -2 0 2|  3 3 -2 1 1|  3 3 -2 2 0|  3 3 -1 -1 2|  3 3 -1 0 1|  3 3 -1 1 0|  3 3 -1 2 -1|  3 3 0 -2 2|  3 3 0 -1 1|  3 3 0 0 0|  3 3 0 1 -1|  3 3 0 2 -2|  3 3 1 -2 1|  3 3 1 -1 0|  3 3 1 0 -1|  3 3 1 1 -2|  3 3 2 -2 0|  3 3 2 -1 -1|  3 3 2 0 -2|  3 4 -2 -1 2|  3 4 -2 0 1|  3 4 -2 1 0|  3 4 -2 2 -1|  3 4 -1 -2 2|  3 4 -1 -1 1|  3 4 -1 0 0|  3 4 -1 1 -1|  3 4 -1 2 -2|  3 4 0 -2 1|  3 4 0 -1 0|  3 4 0 0 -1|  3 4 0 1 -2|  3 4 1 -2 0|  3 4 1 -1 -1|  3 4 1 0 -2|  3 4 2 -2 -1|  3 4 2 -1 -2|  4 0 0 2 2|  4 0 1 1 2|  4 0 1 2 1|  4 0 2 0 2|  4 0 2 1 1|  4 0 2 2 0|  4 1 -1 2 2|  4 1 0 1 2|  4 1 0 2 1|  4 1 1 0 2|  4 1 1 1 1|  4 1 1 2 0|  4 1 2 -1 2|  4 1 2 0 1|  4 1 2 1 0|  4 1 2 2 -1|  4 2 -2 2 2|  4 2 -1 1 2|  4 2 -1 2 1|  4 2 0 0 2|  4 2 0 1 1|  4 2 0 2 0|  4 2 1 -1 2|  4 2 1 0 1|  4 2 1 1 0|  4 2 1 2 -1|  4 2 2 -2 2|  4 2 2 -1 1|  4 2 2 0 0|  4 2 2 1 -1|  4 2 2 2 -2|  4 3 -2 1 2|  4 3 -2 2 1|  4 3 -1 0 2|  4 3 -1 1 1|  4 3 -1 2 0|  4 3 0 -1 2|  4 3 0 0 1|  4 3 0 1 0|  4 3 0 2 -1|  4 3 1 -2 2|  4 3 1 -1 1|  4 3 1 0 0|  4 3 1 1 -1|  4 3 1 2 -2|  4 3 2 -2 1|  4 3 2 -1 0|  4 3 2 0 -1|  4 3 2 1 -2|  4 4 -2 0 2|  4 4 -2 1 1|  4 4 -2 2 0|  4 4 -1 -1 2|  4 4 -1 0 1|  4 4 -1 1 0|  4 4 -1 2 -1|  4 4 0 -2 2|  4 4 0 -1 1|  4 4 0 0 0|  4 4 0 1 -1|  4 4 0 2 -2|  4 4 1 -2 1|  4 4 1 -1 0|  4 4 1 0 -1|  4 4 1 1 -2|  4 4 2 -2 0|  4 4 2 -1 -1|  4 4 2 0 -2</relation><relation arity="6" defaultCost="infinity" name="BALANCE4" nbTuples="1751" semantics="soft">0:  0 0 -2 -2 2 2|  0 0 -2 -1 1 2|  0 0 -2 -1 2 1|  0 0 -2 0 0 2|  0 0 -2 0 1 1|  0 0 -2 0 2 0|  0 0 -2 1 -1 2|  0 0 -2 1 0 1|  0 0 -2 1 1 0|  0 0 -2 1 2 -1|  0 0 -2 2 -2 2|  0 0 -2 2 -1 1|  0 0 -2 2 0 0|  0 0 -2 2 1 -1|  0 0 -2 2 2 -2|  0 0 -1 -2 1 2|  0 0 -1 -2 2 1|  0 0 -1 -1 0 2|  0 0 -1 -1 1 1|  0 0 -1 -1 2 0|  0 0 -1 0 -1 2|  0 0 -1 0 0 1|  0 0 -1 0 1 0|  0 0 -1 0 2 -1|  0 0 -1 1 -2 2|  0 0 -1 1 -1 1|  0 0 -1 1 0 0|  0 0 -1 1 1 -1|  0 0 -1 1 2 -2|  0 0 -1 2 -2 1|  0 0 -1 2 -1 0|  0 0 -1 2 0 -1|  0 0 -1 2 1 -2|  0 0 0 -2 0 2|  0 0 0 -2 1 1|  0 0 0 -2 2 0|  0 0 0 -1 -1 2|  0 0 0 -1 0 1|  0 0 0 -1 1 0|  0 0 0 -1 2 -1|  0 0 0 0 -2 2|  0 0 0 0 -1 1|  0 0 0 0 0 0|  0 0 0 0 1 -1|  0 0 0 0 2 -2|  0 0 0 1 -2 1|  0 0 0 1 -1 0|  0 0 0 1 0 -1|  0 0 0 1 1 -2|  0 0 0 2 -2 0|  0 0 0 2 -1 -1|  0 0 0 2 0 -2|  0 0 1 -2 -1 2|  0 0 1 -2 0 1|  0 0 1 -2 1 0|  0 0 1 -2 2 -1|  0 0 1 -1 -2 2|  0 0 1 -1 -1 1|  0 0 1 -1 0 0|  0 0 1 -1 1 -1|  0 0 1 -1 2 -2|  0 0 1 0 -2 1|  0 0 1 0 -1 0|  0 0 1 0 0 -1|  0 0 1 0 1 -2|  0 0 1 1 -2 0|  0 0 1 1 -1 -1|  0 0 1 1 0 -2|  0 0 1 2 -2 -1|  0 0 1 2 -1 -2|  0 0 2 -2 -2 2|  0 0 2 -2 -1 1|  0 0 2 -2 0 0|  0 0 2 -2 1 -1|  0 0 2 -2 2 -2|  0 0 2 -1 -2 1|  0 0 2 -1 -1 0|  0 0 2 -1 0 -1|  0 0 2 -1 1 -2|  0 0 2 0 -2 0|  0 0 2 0 -1 -1|  0 0 2 0 0 -2|  0 0 2 1 -2 -1|  0 0 2 1 -1 -2|  0 0 2 2 -2 -2|  0 1 -2 -2 1 2|  0 1 -2 -2 2 1|  0 1 -2 -1 0 2|  0 1 -2 -1 1 1|  0 1 -2 -1 2 0|  0 1 -2 0 -1 2|  0 1 -2 0 0 1|  0 1 -2 0 1 0|  0 1 -2 0 2 -1|  0 1 -2 1 -2 2|  0 1 -2 1 -1 1|  0 1 -2 1 0 0|  0 1 -2 1 1 -1|  0 1 -2 1 2 -2|  0 1 -2 2 -2 1|  0 1 -2 2 -1 0|  0 1 -2 2 0 -1|  0 1 -2 2 1 -2|  0 1 -1 -2 0 2|  0 1 -1 -2 1 1|  0 1 -1 -2 2 0|  0 1 -1 -1 -1 2|  0 1 -1 -1 0 1|  0 1 -1 -1 1 0|  0 1 -1 -1 2 -1|  0 1 -1 0 -2 2|  0 1 -1 0 -1 1|  0 1 -1 0 0 0|  0 1 -1 0 1 -1|  0 1 -1 0 2 -2|  0 1 -1 1 -2 1|  0 1 -1 1 -1 0|  0 1 -1 1 0 -1|  0 1 -1 1 1 -2|  0 1 -1 2 -2 0|  0 1 -1 2 -1 -1|  0 1 -1 2 0 -2|  0 1 0 -2 -1 2|  0 1 0 -2 0 1|  0 1 0 -2 1 0|  0 1 0 -2 2 -1|  0 1 0 -1 -2 2|  0 1 0 -1 -1 1|  0 1 0 -1 0 0|  0 1 0 -1 1 -1|  0 1 0 -1 2 -2|  0 1 0 0 -2 1|  0 1 0 0 -1 0|  0 1 0 0 0 -1|  0 1 0 0 1 -2|  0 1 0 1 -2 0|  0 1 0 1 -1 -1|  0 1 0 1 0 -2|  0 1 0 2 -2 -1|  0 1 0 2 -1 -2|  0 1 1 -2 -2 2|  0 1 1 -2 -1 1|  0 1 1 -2 0 0|  0 1 1 -2 1 -1|  0 1 1 -2 2 -2|  0 1 1 -1 -2 1|  0 1 1 -1 -1 0|  0 1 1 -1 0 -1|  0 1 1 -1 1 -2|  0 1 1 0 -2 0|  0 1 1 0 -1 -1|  0 1 1 0 0 -2|  0 1 1 1 -2 -1|  0 1 1 1 -1 -2|  0 1 1 2 -2 -2|  0 1 2 -2 -2 1|  0 1 2 -2 -1 0|  0 1 2 -2 0 -1|  0 1 2 -2 1 -2|  0 1 2 -1 -2 0|  0 1 2 -1 -1 -1|  0 1 2 -1 0 -2|  0 1 2 0 -2 -1|  0 1 2 0 -1 -2|  0 1 2 1 -2 -2|  0 2 -2 -2 0 2|  0 2 -2 -2 1 1|  0 2 -2 -2 2 0|  0 2 -2 -1 -1 2|  0 2 -2 -1 0 1|  0 2 -2 -1 1 0|  0 2 -2 -1 2 -1|  0 2 -2 0 -2 2|  0 2 -2 0 -1 1|  0 2 -2 0 0 0|  0 2 -2 0 1 -1|  0 2 -2 0 2 -2|  0 2 -2 1 -2 1|  0 2 -2 1 -1 0|  0 2 -2 1 0 -1|  0 2 -2 1 1 -2|  0 2 -2 2 -2 0|  0 2 -2 2 -1 -1|  0 2 -2 2 0 -2|  0 2 -1 -2 -1 2|  0 2 -1 -2 0 1|  0 2 -1 -2 1 0|  0 2 -1 -2 2 -1|  0 2 -1 -1 -2 2|  0 2 -1 -1 -1 1|  0 2 -1 -1 0 0|  0 2 -1 -1 1 -1|  0 2 -1 -1 2 -2|  0 2 -1 0 -2 1|  0 2 -1 0 -1 0|  0 2 -1 0 0 -1|  0 2 -1 0 1 -2|  0 2 -1 1 -2 0|  0 2 -1 1 -1 -1|  0 2 -1 1 0 -2|  0 2 -1 2 -2 -1|  0 2 -1 2 -1 -2|  0 2 0 -2 -2 2|  0 2 0 -2 -1 1|  0 2 0 -2 0 0|  0 2 0 -2 1 -1|  0 2 0 -2 2 -2|  0 2 0 -1 -2 1|  0 2 0 -1 -1 0|  0 2 0 -1 0 -1|  0 2 0 -1 1 -2|  0 2 0 0 -2 0|  0 2 0 0 -1 -1|  0 2 0 0 0 -2|  0 2 0 1 -2 -1|  0 2 0 1 -1 -2|  0 2 0 2 -2 -2|  0 2 1 -2 -2 1|  0 2 1 -2 -1 0|  0 2 1 -2 0 -1|  0 2 1 -2 1 -2|  0 2 1 -1 -2 0|  0 2 1 -1 -1 -1|  0 2 1 -1 0 -2|  0 2 1 0 -2 -1|  0 2 1 0 -1 -2|  0 2 1 1 -2 -2|  0 2 2 -2 -2 0|  0 2 2 -2 -1 -1|  0 2 2 -2 0 -2|  0 2 2 -1 -2 -1|  0 2 2 -1 -1 -2|  0 2 2 0 -2 -2|  0 3 -2 -2 -1 2|  0 3 -2 -2 0 1|  0 3 -2 -2 1 0|  0 3 -2 -2 2 -1|  0 3 -2 -1 -2 2|  0 3 -2 -1 -1 1|  0 3 -2 -1 0 0|  0 3 -2 -1 1 -1|  0 3 -2 -1 2 -2|  0 3 -2 0 -2 1|  0 3 -2 0 -1 0|  0 3 -2 0 0 -1|  0 3 -2 0 1 -2|  0 3 -2 1 -2 0|  0 3 -2 1 -1 -1|  0 3 -2 1 0 -2|  0 3 -2 2 -2 -1|  0 3 -2 2 -1 -2|  0 3 -1 -2 -2 2|  0 3 -1 -2 -1 1|  0 3 -1 -2 0 0|  0 3 -1 -2 1 -1|  0 3 -1 -2 2 -2|  0 3 -1 -1 -2 1|  0 3 -1 -1 -1 0|  0 3 -1 -1 0 -1|  0 3 -1 -1 1 -2|  0 3 -1 0 -2 0|  0 3 -1 0 -1 -1|  0 3 -1 0 0 -2|  0 3 -1 1 -2 -1|  0 3 -1 1 -1 -2|  0 3 -1 2 -2 -2|  0 3 0 -2 -2 1|  0 3 0 -2 -1 0|  0 3 0 -2 0 -1|  0 3 0 -2 1 -2|  0 3 0 -1 -2 0|  0 3 0 -1 -1 -1|  0 3 0 -1 0 -2|  0 3 0 0 -2 -1|  0 3 0 0 -1 -2|  0 3 0 1 -2 -2|  0 3 1 -2 -2 0|  0 3 1 -2 -1 -1|  0 3 1 -2 0 -2|  0 3 1 -1 -2 -1|  0 3 1 -1 -1 -2|  0 3 1 0 -2 -2|  0 3 2 -2 -2 -1|  0 3 2 -2 -1 -2|  0 3 2 -1 -2 -2|  0 4 -2 -2 -2 2|  0 4 -2 -2 -1 1|  0 4 -2 -2 0 0|  0 4 -2 -2 1 -1|  0 4 -2 -2 2 -2|  0 4 -2 -1 -2 1|  0 4 -2 -1 -1 0|  0 4 -2 -1 0 -1|  0 4 -2 -1 1 -2|  0 4 -2 0 -2 0|  0 4 -2 0 -1 -1|  0 4 -2 0 0 -2|  0 4 -2 1 -2 -1|  0 4 -2 1 -1 -2|  0 4 -2 2 -2 -2|  0 4 -1 -2 -2 1|  0 4 -1 -2 -1 0|  0 4 -1 -2 0 -1|  0 4 -1 -2 1 -2|  0 4 -1 -1 -2 0|  0 4 -1 -1 -1 -1|  0 4 -1 -1 0 -2|  0 4 -1 0 -2 -1|  0 4 -1 0 -1 -2|  0 4 -1 1 -2 -2|  0 4 0 -2 -2 0|  0 4 0 -2 -1 -1|  0 4 0 -2 0 -2|  0 4 0 -1 -2 -1|  0 4 0 -1 -1 -2|  0 4 0 0 -2 -2|  0 4 1 -2 -2 -1|  0 4 1 -2 -1 -2|  0 4 1 -1 -2 -2|  0 4 2 -2 -2 -2|  1 0 -2 -1 2 2|  1 0 -2 0 1 2|  1 0 -2 0 2 1|  1 0 -2 1 0 2|  1 0 -2 1 1 1|  1 0 -2 1 2 0|  1 0 -2 2 -1 2|  1 0 -2 2 0 1|  1 0 -2 2 1 0|  1 0 -2 2 2 -1|  1 0 -1 -2 2 2|  1 0 -1 -1 1 2|  1 0 -1 -1 2 1|  1 0 -1 0 0 2|  1 0 -1 0 1 1|  1 0 -1 0 2 0|  1 0 -1 1 -1 2|  1 0 -1 1 0 1|  1 0 -1 1 1 0|  1 0 -1 1 2 -1|  1 0 -1 2 -2 2|  1 0 -1 2 -1 1|  1 0 -1 2 0 0|  1 0 -1 2 1 -1|  1 0 -1 2 2 -2|  1 0 0 -2 1 2|  1 0 0 -2 2 1|  1 0 0 -1 0 2|  1 0 0 -1 1 1|  1 0 0 -1 2 0|  1 0 0 0 -1 2|  1 0 0 0 0 1|  1 0 0 0 1 0|  1 0 0 0 2 -1|  1 0 0 1 -2 2|  1 0 0 1 -1 1|  1 0 0 1 0 0|  1 0 0 1 1 -1|  1 0 0 1 2 -2|  1 0 0 2 -2 1|  1 0 0 2 -1 0|  1 0 0 2 0 -1|  1 0 0 2 1 -2|  1 0 1 -2 0 2|  1 0 1 -2 1 1|  1 0 1 -2 2 0|  1 0 1 -1 -1 2|  1 0 1 -1 0 1|  1 0 1 -1 1 0|  1 0 1 -1 2 -1|  1 0 1 0 -2 2|  1 0 1 0 -1 1|  1 0 1 0 0 0|  1 0 1 0 1 -1|  1 0 1 0 2 -2|  1 0 1 1 -2 1|  1 0 1 1 -1 0|  1 0 1 1 0 -1|  1 0 1 1 1 -2|  1 0 1 2 -2 0|  1 0 1 2 -1 -1|  1 0 1 2 0 -2|  1 0 2 -2 -1 2|  1 0 2 -2 0 1|  1 0 2 -2 1 0|  1 0 2 -2 2 -1|  1 0 2 -1 -2 2|  1 0 2 -1 -1 1|  1 0 2 -1 0 0|  1 0 2 -1 1 -1|  1 0 2 -1 2 -2|  1 0 2 0 -2 1|  1 0 2 0 -1 0|  1 0 2 0 0 -1|  1 0 2 0 1 -2|  1 0 2 1 -2 0|  1 0 2 1 -1 -1|  1 0 2 1 0 -2|  1 0 2 2 -2 -1|  1 0 2 2 -1 -2|  1 1 -2 -2 2 2|  1 1 -2 -1 1 2|  1 1 -2 -1 2 1|  1 1 -2 0 0 2|  1 1 -2 0 1 1|  1 1 -2 0 2 0|  1 1 -2 1 -1 2|  1 1 -2 1 0 1|  1 1 -2 1 1 0|  1 1 -2 1 2 -1|  1 1 -2 2 -2 2|  1 1 -2 2 -1 1|  1 1 -2 2 0 0|  1 1 -2 2 1 -1|  1 1 -2 2 2 -2|  1 1 -1 -2 1 2|  1 1 -1 -2 2 1|  1 1 -1 -1 0 2|  1 1 -1 -1 1 1|  1 1 -1 -1 2 0|  1 1 -1 0 -1 2|  1 1 -1 0 0 1|  1 1 -1 0 1 0|  1 1 -1 0 2 -1|  1 1 -1 1 -2 2|  1 1 -1 1 -1 1|  1 1 -1 1 0 0|  1 1 -1 1 1 -1|  1 1 -1 1 2 -2|  1 1 -1 2 -2 1|  1 1 -1 2 -1 0|  1 1 -1 2 0 -1|  1 1 -1 2 1 -2|  1 1 0 -2 0 2|  1 1 0 -2 1 1|  1 1 0 -2 2 0|  1 1 0 -1 -1 2|  1 1 0 -1 0 1|  1 1 0 -1 1 0|  1 1 0 -1 2 -1|  1 1 0 0 -2 2|  1 1 0 0 -1 1|  1 1 0 0 0 0|  1 1 0 0 1 -1|  1 1 0 0 2 -2|  1 1 0 1 -2 1|  1 1 0 1 -1 0|  1 1 0 1 0 -1|  1 1 0 1 1 -2|  1 1 0 2 -2 0|  1 1 0 2 -1 -1|  1 1 0 2 0 -2|  1 1 1 -2 -1 2|  1 1 1 -2 0 1|  1 1 1 -2 1 0|  1 1 1 -2 2 -1|  1 1 1 -1 -2 2|  1 1 1 -1 -1 1|  1 1 1 -1 0 0|  1 1 1 -1 1 -1|  1 1 1 -1 2 -2|  1 1 1 0 -2 1|  1 1 1 0 -1 0|  1 1 1 0 0 -1|  1 1 1 0 1 -2|  1 1 1 1 -2 0|  1 1 1 1 -1 -1|  1 1 1 1 0 -2|  1 1 1 2 -2 -1|  1 1 1 2 -1 -2|  1 1 2 -2 -2 2|  1 1 2 -2 -1 1|  1 1 2 -2 0 0|  1 1 2 -2 1 -1|  1 1 2 -2 2 -2|  1 1 2 -1 -2 1|  1 1 2 -1 -1 0|  1 1 2 -1 0 -1|  1 1 2 -1 1 -2|  1 1 2 0 -2 0|  1 1 2 0 -1 -1|  1 1 2 0 0 -2|  1 1 2 1 -2 -1|  1 1 2 1 -1 -2|  1 1 2 2 -2 -2|  1 2 -2 -2 1 2|  1 2 -2 -2 2 1|  1 2 -2 -1 0 2|  1 2 -2 -1 1 1|  1 2 -2 -1 2 0|  1 2 -2 0 -1 2|  1 2 -2 0 0 1|  1 2 -2 0 1 0|  1 2 -2 0 2 -1|  1 2 -2 1 -2 2|  1 2 -2 1 -1 1|  1 2 -2 1 0 0|  1 2 -2 1 1 -1|  1 2 -2 1 2 -2|  1 2 -2 2 -2 1|  1 2 -2 2 -1 0|  1 2 -2 2 0 -1|  1 2 -2 2 1 -2|  1 2 -1 -2 0 2|  1 2 -1 -2 1 1|  1 2 -1 -2 2 0|  1 2 -1 -1 -1 2|  1 2 -1 -1 0 1|  1 2 -1 -1 1 0|  1 2 -1 -1 2 -1|  1 2 -1 0 -2 2|  1 2 -1 0 -1 1|  1 2 -1 0 0 0|  1 2 -1 0 1 -1|  1 2 -1 0 2 -2|  1 2 -1 1 -2 1|  1 2 -1 1 -1 0|  1 2 -1 1 0 -1|  1 2 -1 1 1 -2|  1 2 -1 2 -2 0|  1 2 -1 2 -1 -1|  1 2 -1 2 0 -2|  1 2 0 -2 -1 2|  1 2 0 -2 0 1|  1 2 0 -2 1 0|  1 2 0 -2 2 -1|  1 2 0 -1 -2 2|  1 2 0 -1 -1 1|  1 2 0 -1 0 0|  1 2 0 -1 1 -1|  1 2 0 -1 2 -2|  1 2 0 0 -2 1|  1 2 0 0 -1 0|  1 2 0 0 0 -1|  1 2 0 0 1 -2|  1 2 0 1 -2 0|  1 2 0 1 -1 -1|  1 2 0 1 0 -2|  1 2 0 2 -2 -1|  1 2 0 2 -1 -2|  1 2 1 -2 -2 2|  1 2 1 -2 -1 1|  1 2 1 -2 0 0|  1 2 1 -2 1 -1|  1 2 1 -2 2 -2|  1 2 1 -1 -2 1|  1 2 1 -1 -1 0|  1 2 1 -1 0 -1|  1 2 1 -1 1 -2|  1 2 1 0 -2 0|  1 2 1 0 -1 -1|  1 2 1 0 0 -2|  1 2 1 1 -2 -1|  1 2 1 1 -1 -2|  1 2 1 2 -2 -2|  1 2 2 -2 -2 1|  1 2 2 -2 -1 0|  1 2 2 -2 0 -1|  1 2 2 -2 1 -2|  1 2 2 -1 -2 0|  1 2 2 -1 -1 -1|  1 2 2 -1 0 -2|  1 2 2 0 -2 -1|  1 2 2 0 -1 -2|  1 2 2 1 -2 -2|  1 3 -2 -2 0 2|  1 3 -2 -2 1 1|  1 3 -2 -2 2 0|  1 3 -2 -1 -1 2|  1 3 -2 -1 0 1|  1 3 -2 -1 1 0|  1 3 -2 -1 2 -1|  1 3 -2 0 -2 2|  1 3 -2 0 -1 1|  1 3 -2 0 0 0|  1 3 -2 0 1 -1|  1 3 -2 0 2 -2|  1 3 -2 1 -2 1|  1 3 -2 1 -1 0|  1 3 -2 1 0 -1|  1 3 -2 1 1 -2|  1 3 -2 2 -2 0|  1 3 -2 2 -1 -1|  1 3 -2 2 0 -2|  1 3 -1 -2 -1 2|  1 3 -1 -2 0 1|  1 3 -1 -2 1 0|  1 3 -1 -2 2 -1|  1 3 -1 -1 -2 2|  1 3 -1 -1 -1 1|  1 3 -1 -1 0 0|  1 3 -1 -1 1 -1|  1 3 -1 -1 2 -2|  1 3 -1 0 -2 1|  1 3 -1 0 -1 0|  1 3 -1 0 0 -1|  1 3 -1 0 1 -2|  1 3 -1 1 -2 0|  1 3 -1 1 -1 -1|  1 3 -1 1 0 -2|  1 3 -1 2 -2 -1|  1 3 -1 2 -1 -2|  1 3 0 -2 -2 2|  1 3 0 -2 -1 1|  1 3 0 -2 0 0|  1 3 0 -2 1 -1|  1 3 0 -2 2 -2|  1 3 0 -1 -2 1|  1 3 0 -1 -1 0|  1 3 0 -1 0 -1|  1 3 0 -1 1 -2|  1 3 0 0 -2 0|  1 3 0 0 -1 -1|  1 3 0 0 0 -2|  1 3 0 1 -2 -1|  1 3 0 1 -1 -2|  1 3 0 2 -2 -2|  1 3 1 -2 -2 1|  1 3 1 -2 -1 0|  1 3 1 -2 0 -1|  1 3 1 -2 1 -2|  1 3 1 -1 -2 0|  1 3 1 -1 -1 -1|  1 3 1 -1 0 -2|  1 3 1 0 -2 -1|  1 3 1 0 -1 -2|  1 3 1 1 -2 -2|  1 3 2 -2 -2 0|  1 3 2 -2 -1 -1|  1 3 2 -2 0 -2|  1 3 2 -1 -2 -1|  1 3 2 -1 -1 -2|  1 3 2 0 -2 -2|  1 4 -2 -2 -1 2|  1 4 -2 -2 0 1|  1 4 -2 -2 1 0|  1 4 -2 -2 2 -1|  1 4 -2 -1 -2 2|  1 4 -2 -1 -1 1|  1 4 -2 -1 0 0|  1 4 -2 -1 1 -1|  1 4 -2 -1 2 -2|  1 4 -2 0 -2 1|  1 4 -2 0 -1 0|  1 4 -2 0 0 -1|  1 4 -2 0 1 -2|  1 4 -2 1 -2 0|  1 4 -2 1 -1 -1|  1 4 -2 1 0 -2|  1 4 -2 2 -2 -1|  1 4 -2 2 -1 -2|  1 4 -1 -2 -2 2|  1 4 -1 -2 -1 1|  1 4 -1 -2 0 0|  1 4 -1 -2 1 -1|  1 4 -1 -2 2 -2|  1 4 -1 -1 -2 1|  1 4 -1 -1 -1 0|  1 4 -1 -1 0 -1|  1 4 -1 -1 1 -2|  1 4 -1 0 -2 0|  1 4 -1 0 -1 -1|  1 4 -1 0 0 -2|  1 4 -1 1 -2 -1|  1 4 -1 1 -1 -2|  1 4 -1 2 -2 -2|  1 4 0 -2 -2 1|  1 4 0 -2 -1 0|  1 4 0 -2 0 -1|  1 4 0 -2 1 -2|  1 4 0 -1 -2 0|  1 4 0 -1 -1 -1|  1 4 0 -1 0 -2|  1 4 0 0 -2 -1|  1 4 0 0 -1 -2|  1 4 0 1 -2 -2|  1 4 1 -2 -2 0|  1 4 1 -2 -1 -1|  1 4 1 -2 0 -2|  1 4 1 -1 -2 -1|  1 4 1 -1 -1 -2|  1 4 1 0 -2 -2|  1 4 2 -2 -2 -1|  1 4 2 -2 -1 -2|  1 4 2 -1 -2 -2|  2 0 -2 0 2 2|  2 0 -2 1 1 2|  2 0 -2 1 2 1|  2 0 -2 2 0 2|  2 0 -2 2 1 1|  2 0 -2 2 2 0|  2 0 -1 -1 2 2|  2 0 -1 0 1 2|  2 0 -1 0 2 1|  2 0 -1 1 0 2|  2 0 -1 1 1 1|  2 0 -1 1 2 0|  2 0 -1 2 -1 2|  2 0 -1 2 0 1|  2 0 -1 2 1 0|  2 0 -1 2 2 -1|  2 0 0 -2 2 2|  2 0 0 -1 1 2|  2 0 0 -1 2 1|  2 0 0 0 0 2|  2 0 0 0 1 1|  2 0 0 0 2 0|  2 0 0 1 -1 2|  2 0 0 1 0 1|  2 0 0 1 1 0|  2 0 0 1 2 -1|  2 0 0 2 -2 2|  2 0 0 2 -1 1|  2 0 0 2 0 0|  2 0 0 2 1 -1|  2 0 0 2 2 -2|  2 0 1 -2 1 2|  2 0 1 -2 2 1|  2 0 1 -1 0 2|  2 0 1 -1 1 1|  2 0 1 -1 2 0|  2 0 1 0 -1 2|  2 0 1 0 0 1|  2 0 1 0 1 0|  2 0 1 0 2 -1|  2 0 1 1 -2 2|  2 0 1 1 -1 1|  2 0 1 1 0 0|  2 0 1 1 1 -1|  2 0 1 1 2 -2|  2 0 1 2 -2 1|  2 0 1 2 -1 0|  2 0 1 2 0 -1|  2 0 1 2 1 -2|  2 0 2 -2 0 2|  2 0 2 -2 1 1|  2 0 2 -2 2 0|  2 0 2 -1 -1 2|  2 0 2 -1 0 1|  2 0 2 -1 1 0|  2 0 2 -1 2 -1|  2 0 2 0 -2 2|  2 0 2 0 -1 1|  2 0 2 0 0 0|  2 0 2 0 1 -1|  2 0 2 0 2 -2|  2 0 2 1 -2 1|  2 0 2 1 -1 0|  2 0 2 1 0 -1|  2 0 2 1 1 -2|  2 0 2 2 -2 0|  2 0 2 2 -1 -1|  2 0 2 2 0 -2|  2 1 -2 -1 2 2|  2 1 -2 0 1 2|  2 1 -2 0 2 1|  2 1 -2 1 0 2|  2 1 -2 1 1 1|  2 1 -2 1 2 0|  2 1 -2 2 -1 2|  2 1 -2 2 0 1|  2 1 -2 2 1 0|  2 1 -2 2 2 -1|  2 1 -1 -2 2 2|  2 1 -1 -1 1 2|  2 1 -1 -1 2 1|  2 1 -1 0 0 2|  2 1 -1 0 1 1|  2 1 -1 0 2 0|  2 1 -1 1 -1 2|  2 1 -1 1 0 1|  2 1 -1 1 1 0|  2 1 -1 1 2 -1|  2 1 -1 2 -2 2|  2 1 -1 2 -1 1|  2 1 -1 2 0 0|  2 1 -1 2 1 -1|  2 1 -1 2 2 -2|  2 1 0 -2 1 2|  2 1 0 -2 2 1|  2 1 0 -1 0 2|  2 1 0 -1 1 1|  2 1 0 -1 2 0|  2 1 0 0 -1 2|  2 1 0 0 0 1|  2 1 0 0 1 0|  2 1 0 0 2 -1|  2 1 0 1 -2 2|  2 1 0 1 -1 1|  2 1 0 1 0 0|  2 1 0 1 1 -1|  2 1 0 1 2 -2|  2 1 0 2 -2 1|  2 1 0 2 -1 0|  2 1 0 2 0 -1|  2 1 0 2 1 -2|  2 1 1 -2 0 2|  2 1 1 -2 1 1|  2 1 1 -2 2 0|  2 1 1 -1 -1 2|  2 1 1 -1 0 1|  2 1 1 -1 1 0|  2 1 1 -1 2 -1|  2 1 1 0 -2 2|  2 1 1 0 -1 1|  2 1 1 0 0 0|  2 1 1 0 1 -1|  2 1 1 0 2 -2|  2 1 1 1 -2 1|  2 1 1 1 -1 0|  2 1 1 1 0 -1|  2 1 1 1 1 -2|  2 1 1 2 -2 0|  2 1 1 2 -1 -1|  2 1 1 2 0 -2|  2 1 2 -2 -1 2|  2 1 2 -2 0 1|  2 1 2 -2 1 0|  2 1 2 -2 2 -1|  2 1 2 -1 -2 2|  2 1 2 -1 -1 1|  2 1 2 -1 0 0|  2 1 2 -1 1 -1|  2 1 2 -1 2 -2|  2 1 2 0 -2 1|  2 1 2 0 -1 0|  2 1 2 0 0 -1|  2 1 2 0 1 -2|  2 1 2 1 -2 0|  2 1 2 1 -1 -1|  2 1 2 1 0 -2|  2 1 2 2 -2 -1|  2 1 2 2 -1 -2|  2 2 -2 -2 2 2|  2 2 -2 -1 1 2|  2 2 -2 -1 2 1|  2 2 -2 0 0 2|  2 2 -2 0 1 1|  2 2 -2 0 2 0|  2 2 -2 1 -1 2|  2 2 -2 1 0 1|  2 2 -2 1 1 0|  2 2 -2 1 2 -1|  2 2 -2 2 -2 2|  2 2 -2 2 -1 1|  2 2 -2 2 0 0|  2 2 -2 2 1 -1|  2 2 -2 2 2 -2|  2 2 -1 -2 1 2|  2 2 -1 -2 2 1|  2 2 -1 -1 0 2|  2 2 -1 -1 1 1|  2 2 -1 -1 2 0|  2 2 -1 0 -1 2|  2 2 -1 0 0 1|  2 2 -1 0 1 0|  2 2 -1 0 2 -1|  2 2 -1 1 -2 2|  2 2 -1 1 -1 1|  2 2 -1 1 0 0|  2 2 -1 1 1 -1|  2 2 -1 1 2 -2|  2 2 -1 2 -2 1|  2 2 -1 2 -1 0|  2 2 -1 2 0 -1|  2 2 -1 2 1 -2|  2 2 0 -2 0 2|  2 2 0 -2 1 1|  2 2 0 -2 2 0|  2 2 0 -1 -1 2|  2 2 0 -1 0 1|  2 2 0 -1 1 0|  2 2 0 -1 2 -1|  2 2 0 0 -2 2|  2 2 0 0 -1 1|  2 2 0 0 0 0|  2 2 0 0 1 -1|  2 2 0 0 2 -2|  2 2 0 1 -2 1|  2 2 0 1 -1 0|  2 2 0 1 0 -1|  2 2 0 1 1 -2|  2 2 0 2 -2 0|  2 2 0 2 -1 -1|  2 2 0 2 0 -2|  2 2 1 -2 -1 2|  2 2 1 -2 0 1|  2 2 1 -2 1 0|  2 2 1 -2 2 -1|  2 2 1 -1 -2 2|  2 2 1 -1 -1 1|  2 2 1 -1 0 0|  2 2 1 -1 1 -1|  2 2 1 -1 2 -2|  2 2 1 0 -2 1|  2 2 1 0 -1 0|  2 2 1 0 0 -1|  2 2 1 0 1 -2|  2 2 1 1 -2 0|  2 2 1 1 -1 -1|  2 2 1 1 0 -2|  2 2 1 2 -2 -1|  2 2 1 2 -1 -2|  2 2 2 -2 -2 2|  2 2 2 -2 -1 1|  2 2 2 -2 0 0|  2 2 2 -2 1 -1|  2 2 2 -2 2 -2|  2 2 2 -1 -2 1|  2 2 2 -1 -1 0|  2 2 2 -1 0 -1|  2 2 2 -1 1 -2|  2 2 2 0 -2 0|  2 2 2 0 -1 -1|  2 2 2 0 0 -2|  2 2 2 1 -2 -1|  2 2 2 1 -1 -2|  2 2 2 2 -2 -2|  2 3 -2 -2 1 2|  2 3 -2 -2 2 1|  2 3 -2 -1 0 2|  2 3 -2 -1 1 1|  2 3 -2 -1 2 0|  2 3 -2 0 -1 2|  2 3 -2 0 0 1|  2 3 -2 0 1 0|  2 3 -2 0 2 -1|  2 3 -2 1 -2 2|  2 3 -2 1 -1 1|  2 3 -2 1 0 0|  2 3 -2 1 1 -1|  2 3 -2 1 2 -2|  2 3 -2 2 -2 1|  2 3 -2 2 -1 0|  2 3 -2 2 0 -1|  2 3 -2 2 1 -2|  2 3 -1 -2 0 2|  2 3 -1 -2 1 1|  2 3 -1 -2 2 0|  2 3 -1 -1 -1 2|  2 3 -1 -1 0 1|  2 3 -1 -1 1 0|  2 3 -1 -1 2 -1|  2 3 -1 0 -2 2|  2 3 -1 0 -1 1|  2 3 -1 0 0 0|  2 3 -1 0 1 -1|  2 3 -1 0 2 -2|  2 3 -1 1 -2 1|  2 3 -1 1 -1 0|  2 3 -1 1 0 -1|  2 3 -1 1 1 -2|  2 3 -1 2 -2 0|  2 3 -1 2 -1 -1|  2 3 -1 2 0 -2|  2 3 0 -2 -1 2|  2 3 0 -2 0 1|  2 3 0 -2 1 0|  2 3 0 -2 2 -1|  2 3 0 -1 -2 2|  2 3 0 -1 -1 1|  2 3 0 -1 0 0|  2 3 0 -1 1 -1|  2 3 0 -1 2 -2|  2 3 0 0 -2 1|  2 3 0 0 -1 0|  2 3 0 0 0 -1|  2 3 0 0 1 -2|  2 3 0 1 -2 0|  2 3 0 1 -1 -1|  2 3 0 1 0 -2|  2 3 0 2 -2 -1|  2 3 0 2 -1 -2|  2 3 1 -2 -2 2|  2 3 1 -2 -1 1|  2 3 1 -2 0 0|  2 3 1 -2 1 -1|  2 3 1 -2 2 -2|  2 3 1 -1 -2 1|  2 3 1 -1 -1 0|  2 3 1 -1 0 -1|  2 3 1 -1 1 -2|  2 3 1 0 -2 0|  2 3 1 0 -1 -1|  2 3 1 0 0 -2|  2 3 1 1 -2 -1|  2 3 1 1 -1 -2|  2 3 1 2 -2 -2|  2 3 2 -2 -2 1|  2 3 2 -2 -1 0|  2 3 2 -2 0 -1|  2 3 2 -2 1 -2|  2 3 2 -1 -2 0|  2 3 2 -1 -1 -1|  2 3 2 -1 0 -2|  2 3 2 0 -2 -1|  2 3 2 0 -1 -2|  2 3 2 1 -2 -2|  2 4 -2 -2 0 2|  2 4 -2 -2 1 1|  2 4 -2 -2 2 0|  2 4 -2 -1 -1 2|  2 4 -2 -1 0 1|  2 4 -2 -1 1 0|  2 4 -2 -1 2 -1|  2 4 -2 0 -2 2|  2 4 -2 0 -1 1|  2 4 -2 0 0 0|  2 4 -2 0 1 -1|  2 4 -2 0 2 -2|  2 4 -2 1 -2 1|  2 4 -2 1 -1 0|  2 4 -2 1 0 -1|  2 4 -2 1 1 -2|  2 4 -2 2 -2 0|  2 4 -2 2 -1 -1|  2 4 -2 2 0 -2|  2 4 -1 -2 -1 2|  2 4 -1 -2 0 1|  2 4 -1 -2 1 0|  2 4 -1 -2 2 -1|  2 4 -1 -1 -2 2|  2 4 -1 -1 -1 1|  2 4 -1 -1 0 0|  2 4 -1 -1 1 -1|  2 4 -1 -1 2 -2|  2 4 -1 0 -2 1|  2 4 -1 0 -1 0|  2 4 -1 0 0 -1|  2 4 -1 0 1 -2|  2 4 -1 1 -2 0|  2 4 -1 1 -1 -1|  2 4 -1 1 0 -2|  2 4 -1 2 -2 -1|  2 4 -1 2 -1 -2|  2 4 0 -2 -2 2|  2 4 0 -2 -1 1|  2 4 0 -2 0 0|  2 4 0 -2 1 -1|  2 4 0 -2 2 -2|  2 4 0 -1 -2 1|  2 4 0 -1 -1 0|  2 4 0 -1 0 -1|  2 4 0 -1 1 -2|  2 4 0 0 -2 0|  2 4 0 0 -1 -1|  2 4 0 0 0 -2|  2 4 0 1 -2 -1|  2 4 0 1 -1 -2|  2 4 0 2 -2 -2|  2 4 1 -2 -2 1|  2 4 1 -2 -1 0|  2 4 1 -2 0 -1|  2 4 1 -2 1 -2|  2 4 1 -1 -2 0|  2 4 1 -1 -1 -1|  2 4 1 -1 0 -2|  2 4 1 0 -2 -1|  2 4 1 0 -1 -2|  2 4 1 1 -2 -2|  2 4 2 -2 -2 0|  2 4 2 -2 -1 -1|  2 4 2 -2 0 -2|  2 4 2 -1 -2 -1|  2 4 2 -1 -1 -2|  2 4 2 0 -2 -2|  3 0 -2 1 2 2|  3 0 -2 2 1 2|  3 0 -2 2 2 1|  3 0 -1 0 2 2|  3 0 -1 1 1 2|  3 0 -1 1 2 1|  3 0 -1 2 0 2|  3 0 -1 2 1 1|  3 0 -1 2 2 0|  3 0 0 -1 2 2|  3 0 0 0 1 2|  3 0 0 0 2 1|  3 0 0 1 0 2|  3 0 0 1 1 1|  3 0 0 1 2 0|  3 0 0 2 -1 2|  3 0 0 2 0 1|  3 0 0 2 1 0|  3 0 0 2 2 -1|  3 0 1 -2 2 2|  3 0 1 -1 1 2|  3 0 1 -1 2 1|  3 0 1 0 0 2|  3 0 1 0 1 1|  3 0 1 0 2 0|  3 0 1 1 -1 2|  3 0 1 1 0 1|  3 0 1 1 1 0|  3 0 1 1 2 -1|  3 0 1 2 -2 2|  3 0 1 2 -1 1|  3 0 1 2 0 0|  3 0 1 2 1 -1|  3 0 1 2 2 -2|  3 0 2 -2 1 2|  3 0 2 -2 2 1|  3 0 2 -1 0 2|  3 0 2 -1 1 1|  3 0 2 -1 2 0|  3 0 2 0 -1 2|  3 0 2 0 0 1|  3 0 2 0 1 0|  3 0 2 0 2 -1|  3 0 2 1 -2 2|  3 0 2 1 -1 1|  3 0 2 1 0 0|  3 0 2 1 1 -1|  3 0 2 1 2 -2|  3 0 2 2 -2 1|  3 0 2 2 -1 0|  3 0 2 2 0 -1|  3 0 2 2 1 -2|  3 1 -2 0 2 2|  3 1 -2 1 1 2|  3 1 -2 1 2 1|  3 1 -2 2 0 2|  3 1 -2 2 1 1|  3 1 -2 2 2 0|  3 1 -1 -1 2 2|  3 1 -1 0 1 2|  3 1 -1 0 2 1|  3 1 -1 1 0 2|  3 1 -1 1 1 1|  3 1 -1 1 2 0|  3 1 -1 2 -1 2|  3 1 -1 2 0 1|  3 1 -1 2 1 0|  3 1 -1 2 2 -1|  3 1 0 -2 2 2|  3 1 0 -1 1 2|  3 1 0 -1 2 1|  3 1 0 0 0 2|  3 1 0 0 1 1|  3 1 0 0 2 0|  3 1 0 1 -1 2|  3 1 0 1 0 1|  3 1 0 1 1 0|  3 1 0 1 2 -1|  3 1 0 2 -2 2|  3 1 0 2 -1 1|  3 1 0 2 0 0|  3 1 0 2 1 -1|  3 1 0 2 2 -2|  3 1 1 -2 1 2|  3 1 1 -2 2 1|  3 1 1 -1 0 2|  3 1 1 -1 1 1|  3 1 1 -1 2 0|  3 1 1 0 -1 2|  3 1 1 0 0 1|  3 1 1 0 1 0|  3 1 1 0 2 -1|  3 1 1 1 -2 2|  3 1 1 1 -1 1|  3 1 1 1 0 0|  3 1 1 1 1 -1|  3 1 1 1 2 -2|  3 1 1 2 -2 1|  3 1 1 2 -1 0|  3 1 1 2 0 -1|  3 1 1 2 1 -2|  3 1 2 -2 0 2|  3 1 2 -2 1 1|  3 1 2 -2 2 0|  3 1 2 -1 -1 2|  3 1 2 -1 0 1|  3 1 2 -1 1 0|  3 1 2 -1 2 -1|  3 1 2 0 -2 2|  3 1 2 0 -1 1|  3 1 2 0 0 0|  3 1 2 0 1 -1|  3 1 2 0 2 -2|  3 1 2 1 -2 1|  3 1 2 1 -1 0|  3 1 2 1 0 -1|  3 1 2 1 1 -2|  3 1 2 2 -2 0|  3 1 2 2 -1 -1|  3 1 2 2 0 -2|  3 2 -2 -1 2 2|  3 2 -2 0 1 2|  3 2 -2 0 2 1|  3 2 -2 1 0 2|  3 2 -2 1 1 1|  3 2 -2 1 2 0|  3 2 -2 2 -1 2|  3 2 -2 2 0 1|  3 2 -2 2 1 0|  3 2 -2 2 2 -1|  3 2 -1 -2 2 2|  3 2 -1 -1 1 2|  3 2 -1 -1 2 1|  3 2 -1 0 0 2|  3 2 -1 0 1 1|  3 2 -1 0 2 0|  3 2 -1 1 -1 2|  3 2 -1 1 0 1|  3 2 -1 1 1 0|  3 2 -1 1 2 -1|  3 2 -1 2 -2 2|  3 2 -1 2 -1 1|  3 2 -1 2 0 0|  3 2 -1 2 1 -1|  3 2 -1 2 2 -2|  3 2 0 -2 1 2|  3 2 0 -2 2 1|  3 2 0 -1 0 2|  3 2 0 -1 1 1|  3 2 0 -1 2 0|  3 2 0 0 -1 2|  3 2 0 0 0 1|  3 2 0 0 1 0|  3 2 0 0 2 -1|  3 2 0 1 -2 2|  3 2 0 1 -1 1|  3 2 0 1 0 0|  3 2 0 1 1 -1|  3 2 0 1 2 -2|  3 2 0 2 -2 1|  3 2 0 2 -1 0|  3 2 0 2 0 -1|  3 2 0 2 1 -2|  3 2 1 -2 0 2|  3 2 1 -2 1 1|  3 2 1 -2 2 0|  3 2 1 -1 -1 2|  3 2 1 -1 0 1|  3 2 1 -1 1 0|  3 2 1 -1 2 -1|  3 2 1 0 -2 2|  3 2 1 0 -1 1|  3 2 1 0 0 0|  3 2 1 0 1 -1|  3 2 1 0 2 -2|  3 2 1 1 -2 1|  3 2 1 1 -1 0|  3 2 1 1 0 -1|  3 2 1 1 1 -2|  3 2 1 2 -2 0|  3 2 1 2 -1 -1|  3 2 1 2 0 -2|  3 2 2 -2 -1 2|  3 2 2 -2 0 1|  3 2 2 -2 1 0|  3 2 2 -2 2 -1|  3 2 2 -1 -2 2|  3 2 2 -1 -1 1|  3 2 2 -1 0 0|  3 2 2 -1 1 -1|  3 2 2 -1 2 -2|  3 2 2 0 -2 1|  3 2 2 0 -1 0|  3 2 2 0 0 -1|  3 2 2 0 1 -2|  3 2 2 1 -2 0|  3 2 2 1 -1 -1|  3 2 2 1 0 -2|  3 2 2 2 -2 -1|  3 2 2 2 -1 -2|  3 3 -2 -2 2 2|  3 3 -2 -1 1 2|  3 3 -2 -1 2 1|  3 3 -2 0 0 2|  3 3 -2 0 1 1|  3 3 -2 0 2 0|  3 3 -2 1 -1 2|  3 3 -2 1 0 1|  3 3 -2 1 1 0|  3 3 -2 1 2 -1|  3 3 -2 2 -2 2|  3 3 -2 2 -1 1|  3 3 -2 2 0 0|  3 3 -2 2 1 -1|  3 3 -2 2 2 -2|  3 3 -1 -2 1 2|  3 3 -1 -2 2 1|  3 3 -1 -1 0 2|  3 3 -1 -1 1 1|  3 3 -1 -1 2 0|  3 3 -1 0 -1 2|  3 3 -1 0 0 1|  3 3 -1 0 1 0|  3 3 -1 0 2 -1|  3 3 -1 1 -2 2|  3 3 -1 1 -1 1|  3 3 -1 1 0 0|  3 3 -1 1 1 -1|  3 3 -1 1 2 -2|  3 3 -1 2 -2 1|  3 3 -1 2 -1 0|  3 3 -1 2 0 -1|  3 3 -1 2 1 -2|  3 3 0 -2 0 2|  3 3 0 -2 1 1|  3 3 0 -2 2 0|  3 3 0 -1 -1 2|  3 3 0 -1 0 1|  3 3 0 -1 1 0|  3 3 0 -1 2 -1|  3 3 0 0 -2 2|  3 3 0 0 -1 1|  3 3 0 0 0 0|  3 3 0 0 1 -1|  3 3 0 0 2 -2|  3 3 0 1 -2 1|  3 3 0 1 -1 0|  3 3 0 1 0 -1|  3 3 0 1 1 -2|  3 3 0 2 -2 0|  3 3 0 2 -1 -1|  3 3 0 2 0 -2|  3 3 1 -2 -1 2|  3 3 1 -2 0 1|  3 3 1 -2 1 0|  3 3 1 -2 2 -1|  3 3 1 -1 -2 2|  3 3 1 -1 -1 1|  3 3 1 -1 0 0|  3 3 1 -1 1 -1|  3 3 1 -1 2 -2|  3 3 1 0 -2 1|  3 3 1 0 -1 0|  3 3 1 0 0 -1|  3 3 1 0 1 -2|  3 3 1 1 -2 0|  3 3 1 1 -1 -1|  3 3 1 1 0 -2|  3 3 1 2 -2 -1|  3 3 1 2 -1 -2|  3 3 2 -2 -2 2|  3 3 2 -2 -1 1|  3 3 2 -2 0 0|  3 3 2 -2 1 -1|  3 3 2 -2 2 -2|  3 3 2 -1 -2 1|  3 3 2 -1 -1 0|  3 3 2 -1 0 -1|  3 3 2 -1 1 -2|  3 3 2 0 -2 0|  3 3 2 0 -1 -1|  3 3 2 0 0 -2|  3 3 2 1 -2 -1|  3 3 2 1 -1 -2|  3 3 2 2 -2 -2|  3 4 -2 -2 1 2|  3 4 -2 -2 2 1|  3 4 -2 -1 0 2|  3 4 -2 -1 1 1|  3 4 -2 -1 2 0|  3 4 -2 0 -1 2|  3 4 -2 0 0 1|  3 4 -2 0 1 0|  3 4 -2 0 2 -1|  3 4 -2 1 -2 2|  3 4 -2 1 -1 1|  3 4 -2 1 0 0|  3 4 -2 1 1 -1|  3 4 -2 1 2 -2|  3 4 -2 2 -2 1|  3 4 -2 2 -1 0|  3 4 -2 2 0 -1|  3 4 -2 2 1 -2|  3 4 -1 -2 0 2|  3 4 -1 -2 1 1|  3 4 -1 -2 2 0|  3 4 -1 -1 -1 2|  3 4 -1 -1 0 1|  3 4 -1 -1 1 0|  3 4 -1 -1 2 -1|  3 4 -1 0 -2 2|  3 4 -1 0 -1 1|  3 4 -1 0 0 0|  3 4 -1 0 1 -1|  3 4 -1 0 2 -2|  3 4 -1 1 -2 1|  3 4 -1 1 -1 0|  3 4 -1 1 0 -1|  3 4 -1 1 1 -2|  3 4 -1 2 -2 0|  3 4 -1 2 -1 -1|  3 4 -1 2 0 -2|  3 4 0 -2 -1 2|  3 4 0 -2 0 1|  3 4 0 -2 1 0|  3 4 0 -2 2 -1|  3 4 0 -1 -2 2|  3 4 0 -1 -1 1|  3 4 0 -1 0 0|  3 4 0 -1 1 -1|  3 4 0 -1 2 -2|  3 4 0 0 -2 1|  3 4 0 0 -1 0|  3 4 0 0 0 -1|  3 4 0 0 1 -2|  3 4 0 1 -2 0|  3 4 0 1 -1 -1|  3 4 0 1 0 -2|  3 4 0 2 -2 -1|  3 4 0 2 -1 -2|  3 4 1 -2 -2 2|  3 4 1 -2 -1 1|  3 4 1 -2 0 0|  3 4 1 -2 1 -1|  3 4 1 -2 2 -2|  3 4 1 -1 -2 1|  3 4 1 -1 -1 0|  3 4 1 -1 0 -1|  3 4 1 -1 1 -2|  3 4 1 0 -2 0|  3 4 1 0 -1 -1|  3 4 1 0 0 -2|  3 4 1 1 -2 -1|  3 4 1 1 -1 -2|  3 4 1 2 -2 -2|  3 4 2 -2 -2 1|  3 4 2 -2 -1 0|  3 4 2 -2 0 -1|  3 4 2 -2 1 -2|  3 4 2 -1 -2 0|  3 4 2 -1 -1 -1|  3 4 2 -1 0 -2|  3 4 2 0 -2 -1|  3 4 2 0 -1 -2|  3 4 2 1 -2 -2|  4 0 -2 2 2 2|  4 0 -1 1 2 2|  4 0 -1 2 1 2|  4 0 -1 2 2 1|  4 0 0 0 2 2|  4 0 0 1 1 2|  4 0 0 1 2 1|  4 0 0 2 0 2|  4 0 0 2 1 1|  4 0 0 2 2 0|  4 0 1 -1 2 2|  4 0 1 0 1 2|  4 0 1 0 2 1|  4 0 1 1 0 2|  4 0 1 1 1 1|  4 0 1 1 2 0|  4 0 1 2 -1 2|  4 0 1 2 0 1|  4 0 1 2 1 0|  4 0 1 2 2 -1|  4 0 2 -2 2 2|  4 0 2 -1 1 2|  4 0 2 -1 2 1|  4 0 2 0 0 2|  4 0 2 0 1 1|  4 0 2 0 2 0|  4 0 2 1 -1 2|  4 0 2 1 0 1|  4 0 2 1 1 0|  4 0 2 1 2 -1|  4 0 2 2 -2 2|  4 0 2 2 -1 1|  4 0 2 2 0 0|  4 0 2 2 1 -1|  4 0 2 2 2 -2|  4 1 -2 1 2 2|  4 1 -2 2 1 2|  4 1 -2 2 2 1|  4 1 -1 0 2 2|  4 1 -1 1 1 2|  4 1 -1 1 2 1|  4 1 -1 2 0 2|  4 1 -1 2 1 1|  4 1 -1 2 2 0|  4 1 0 -1 2 2|  4 1 0 0 1 2|  4 1 0 0 2 1|  4 1 0 1 0 2|  4 1 0 1 1 1|  4 1 0 1 2 0|  4 1 0 2 -1 2|  4 1 0 2 0 1|  4 1 0 2 1 0|  4 1 0 2 2 -1|  4 1 1 -2 2 2|  4 1 1 -1 1 2|  4 1 1 -1 2 1|  4 1 1 0 0 2|  4 1 1 0 1 1|  4 1 1 0 2 0|  4 1 1 1 -1 2|  4 1 1 1 0 1|  4 1 1 1 1 0|  4 1 1 1 2 -1|  4 1 1 2 -2 2|  4 1 1 2 -1 1|  4 1 1 2 0 0|  4 1 1 2 1 -1|  4 1 1 2 2 -2|  4 1 2 -2 1 2|  4 1 2 -2 2 1|  4 1 2 -1 0 2|  4 1 2 -1 1 1|  4 1 2 -1 2 0|  4 1 2 0 -1 2|  4 1 2 0 0 1|  4 1 2 0 1 0|  4 1 2 0 2 -1|  4 1 2 1 -2 2|  4 1 2 1 -1 1|  4 1 2 1 0 0|  4 1 2 1 1 -1|  4 1 2 1 2 -2|  4 1 2 2 -2 1|  4 1 2 2 -1 0|  4 1 2 2 0 -1|  4 1 2 2 1 -2|  4 2 -2 0 2 2|  4 2 -2 1 1 2|  4 2 -2 1 2 1|  4 2 -2 2 0 2|  4 2 -2 2 1 1|  4 2 -2 2 2 0|  4 2 -1 -1 2 2|  4 2 -1 0 1 2|  4 2 -1 0 2 1|  4 2 -1 1 0 2|  4 2 -1 1 1 1|  4 2 -1 1 2 0|  4 2 -1 2 -1 2|  4 2 -1 2 0 1|  4 2 -1 2 1 0|  4 2 -1 2 2 -1|  4 2 0 -2 2 2|  4 2 0 -1 1 2|  4 2 0 -1 2 1|  4 2 0 0 0 2|  4 2 0 0 1 1|  4 2 0 0 2 0|  4 2 0 1 -1 2|  4 2 0 1 0 1|  4 2 0 1 1 0|  4 2 0 1 2 -1|  4 2 0 2 -2 2|  4 2 0 2 -1 1|  4 2 0 2 0 0|  4 2 0 2 1 -1|  4 2 0 2 2 -2|  4 2 1 -2 1 2|  4 2 1 -2 2 1|  4 2 1 -1 0 2|  4 2 1 -1 1 1|  4 2 1 -1 2 0|  4 2 1 0 -1 2|  4 2 1 0 0 1|  4 2 1 0 1 0|  4 2 1 0 2 -1|  4 2 1 1 -2 2|  4 2 1 1 -1 1|  4 2 1 1 0 0|  4 2 1 1 1 -1|  4 2 1 1 2 -2|  4 2 1 2 -2 1|  4 2 1 2 -1 0|  4 2 1 2 0 -1|  4 2 1 2 1 -2|  4 2 2 -2 0 2|  4 2 2 -2 1 1|  4 2 2 -2 2 0|  4 2 2 -1 -1 2|  4 2 2 -1 0 1|  4 2 2 -1 1 0|  4 2 2 -1 2 -1|  4 2 2 0 -2 2|  4 2 2 0 -1 1|  4 2 2 0 0 0|  4 2 2 0 1 -1|  4 2 2 0 2 -2|  4 2 2 1 -2 1|  4 2 2 1 -1 0|  4 2 2 1 0 -1|  4 2 2 1 1 -2|  4 2 2 2 -2 0|  4 2 2 2 -1 -1|  4 2 2 2 0 -2|  4 3 -2 -1 2 2|  4 3 -2 0 1 2|  4 3 -2 0 2 1|  4 3 -2 1 0 2|  4 3 -2 1 1 1|  4 3 -2 1 2 0|  4 3 -2 2 -1 2|  4 3 -2 2 0 1|  4 3 -2 2 1 0|  4 3 -2 2 2 -1|  4 3 -1 -2 2 2|  4 3 -1 -1 1 2|  4 3 -1 -1 2 1|  4 3 -1 0 0 2|  4 3 -1 0 1 1|  4 3 -1 0 2 0|  4 3 -1 1 -1 2|  4 3 -1 1 0 1|  4 3 -1 1 1 0|  4 3 -1 1 2 -1|  4 3 -1 2 -2 2|  4 3 -1 2 -1 1|  4 3 -1 2 0 0|  4 3 -1 2 1 -1|  4 3 -1 2 2 -2|  4 3 0 -2 1 2|  4 3 0 -2 2 1|  4 3 0 -1 0 2|  4 3 0 -1 1 1|  4 3 0 -1 2 0|  4 3 0 0 -1 2|  4 3 0 0 0 1|  4 3 0 0 1 0|  4 3 0 0 2 -1|  4 3 0 1 -2 2|  4 3 0 1 -1 1|  4 3 0 1 0 0|  4 3 0 1 1 -1|  4 3 0 1 2 -2|  4 3 0 2 -2 1|  4 3 0 2 -1 0|  4 3 0 2 0 -1|  4 3 0 2 1 -2|  4 3 1 -2 0 2|  4 3 1 -2 1 1|  4 3 1 -2 2 0|  4 3 1 -1 -1 2|  4 3 1 -1 0 1|  4 3 1 -1 1 0|  4 3 1 -1 2 -1|  4 3 1 0 -2 2|  4 3 1 0 -1 1|  4 3 1 0 0 0|  4 3 1 0 1 -1|  4 3 1 0 2 -2|  4 3 1 1 -2 1|  4 3 1 1 -1 0|  4 3 1 1 0 -1|  4 3 1 1 1 -2|  4 3 1 2 -2 0|  4 3 1 2 -1 -1|  4 3 1 2 0 -2|  4 3 2 -2 -1 2|  4 3 2 -2 0 1|  4 3 2 -2 1 0|  4 3 2 -2 2 -1|  4 3 2 -1 -2 2|  4 3 2 -1 -1 1|  4 3 2 -1 0 0|  4 3 2 -1 1 -1|  4 3 2 -1 2 -2|  4 3 2 0 -2 1|  4 3 2 0 -1 0|  4 3 2 0 0 -1|  4 3 2 0 1 -2|  4 3 2 1 -2 0|  4 3 2 1 -1 -1|  4 3 2 1 0 -2|  4 3 2 2 -2 -1|  4 3 2 2 -1 -2|  4 4 -2 -2 2 2|  4 4 -2 -1 1 2|  4 4 -2 -1 2 1|  4 4 -2 0 0 2|  4 4 -2 0 1 1|  4 4 -2 0 2 0|  4 4 -2 1 -1 2|  4 4 -2 1 0 1|  4 4 -2 1 1 0|  4 4 -2 1 2 -1|  4 4 -2 2 -2 2|  4 4 -2 2 -1 1|  4 4 -2 2 0 0|  4 4 -2 2 1 -1|  4 4 -2 2 2 -2|  4 4 -1 -2 1 2|  4 4 -1 -2 2 1|  4 4 -1 -1 0 2|  4 4 -1 -1 1 1|  4 4 -1 -1 2 0|  4 4 -1 0 -1 2|  4 4 -1 0 0 1|  4 4 -1 0 1 0|  4 4 -1 0 2 -1|  4 4 -1 1 -2 2|  4 4 -1 1 -1 1|  4 4 -1 1 0 0|  4 4 -1 1 1 -1|  4 4 -1 1 2 -2|  4 4 -1 2 -2 1|  4 4 -1 2 -1 0|  4 4 -1 2 0 -1|  4 4 -1 2 1 -2|  4 4 0 -2 0 2|  4 4 0 -2 1 1|  4 4 0 -2 2 0|  4 4 0 -1 -1 2|  4 4 0 -1 0 1|  4 4 0 -1 1 0|  4 4 0 -1 2 -1|  4 4 0 0 -2 2|  4 4 0 0 -1 1|  4 4 0 0 0 0|  4 4 0 0 1 -1|  4 4 0 0 2 -2|  4 4 0 1 -2 1|  4 4 0 1 -1 0|  4 4 0 1 0 -1|  4 4 0 1 1 -2|  4 4 0 2 -2 0|  4 4 0 2 -1 -1|  4 4 0 2 0 -2|  4 4 1 -2 -1 2|  4 4 1 -2 0 1|  4 4 1 -2 1 0|  4 4 1 -2 2 -1|  4 4 1 -1 -2 2|  4 4 1 -1 -1 1|  4 4 1 -1 0 0|  4 4 1 -1 1 -1|  4 4 1 -1 2 -2|  4 4 1 0 -2 1|  4 4 1 0 -1 0|  4 4 1 0 0 -1|  4 4 1 0 1 -2|  4 4 1 1 -2 0|  4 4 1 1 -1 -1|  4 4 1 1 0 -2|  4 4 1 2 -2 -1|  4 4 1 2 -1 -2|  4 4 2 -2 -2 2|  4 4 2 -2 -1 1|  4 4 2 -2 0 0|  4 4 2 -2 1 -1|  4 4 2 -2 2 -2|  4 4 2 -1 -2 1|  4 4 2 -1 -1 0|  4 4 2 -1 0 -1|  4 4 2 -1 1 -2|  4 4 2 0 -2 0|  4 4 2 0 -1 -1|  4 4 2 0 0 -2|  4 4 2 1 -2 -1|  4 4 2 1 -1 -2|  4 4 2 2 -2 -2</relation><relation arity="1" defaultCost="infinity" name="OBJPL1" nbTuples="5" semantics="soft">16: 0| 7: 1| 2: 2| 0: 3| 0: 4</relation><relation arity="1" defaultCost="infinity" name="OBJPL2" nbTuples="5" semantics="soft">16: 0| 7: 1| 2: 2| 0: 3| 0: 4</relation><relation arity="1" defaultCost="infinity" name="OBJPL3" nbTuples="5" semantics="soft">16: 0| 7: 1| 2: 2| 0: 3| 0: 4</relation><relation arity="1" defaultCost="infinity" name="OBJPL4" nbTuples="5" semantics="soft">16: 0| 7: 1| 2: 2| 0: 3| 0: 4</relation><relation arity="1" defaultCost="infinity" name="OBJPL5" nbTuples="5" semantics="soft">16: 0| 7: 1| 2: 2| 0: 3| 0: 4</relation><relation arity="1" defaultCost="infinity" name="OBJPL6" nbTuples="5" semantics="soft">16: 0| 7: 1| 2: 2| 0: 3| 0: 4</relation><relation arity="1" defaultCost="infinity" name="OBJPL7" nbTuples="5" semantics="soft">16: 0| 7: 1| 2: 2| 0: 3| 0: 4</relation><relation arity="1" defaultCost="infinity" name="OBJPL8" nbTuples="5" semantics="soft">16: 0| 7: 1| 2: 2| 0: 3| 0: 4</relation><relation arity="1" defaultCost="infinity" name="OBJPL9" nbTuples="5" semantics="soft">16: 0| 7: 1| 2: 2| 0: 3| 0: 4</relation><relation arity="1" defaultCost="infinity" name="OBJPL10" nbTuples="5" semantics="soft">16: 0| 7: 1| 2: 2| 0: 3| 0: 4</relation><relation arity="1" defaultCost="infinity" name="OBJPL11" nbTuples="5" semantics="soft">16: 0| 7: 1| 2: 2| 0: 3| 0: 4</relation><relation arity="1" defaultCost="infinity" name="OBJPL12" nbTuples="5" semantics="soft">16: 0| 7: 1| 2: 2| 0: 3| 0: 4</relation><relation arity="1" defaultCost="infinity" name="OBJPL13" nbTuples="5" semantics="soft">16: 0| 7: 1| 2: 2| 0: 3| 0: 4</relation><relation arity="1" defaultCost="infinity" name="OBJPL14" nbTuples="5" semantics="soft">16: 0| 7: 1| 2: 2| 0: 3| 0: 4</relation><relation arity="1" defaultCost="infinity" name="OBJPL15" nbTuples="5" semantics="soft">16: 0| 7: 1| 2: 2| 0: 3| 0: 4</relation><relation arity="1" defaultCost="infinity" name="OBJPL16" nbTuples="5" semantics="soft">16: 0| 7: 1| 2: 2| 0: 3| 0: 4</relation><relation arity="1" defaultCost="infinity" name="OBJPL17" nbTuples="5" semantics="soft">16: 0| 7: 1| 2: 2| 0: 3| 0: 4</relation><relation arity="1" defaultCost="infinity" name="OBJPL18" nbTuples="5" semantics="soft">16: 0| 7: 1| 2: 2| 0: 3| 0: 4</relation><relation arity="1" defaultCost="infinity" name="OBJPL19" nbTuples="5" semantics="soft">16: 0| 7: 1| 2: 2| 0: 3| 0: 4</relation><relation arity="1" defaultCost="infinity" name="OBJPL20" nbTuples="5" semantics="soft">16: 0| 7: 1| 2: 2| 0: 3| 0: 4</relation><relation arity="1" defaultCost="infinity" name="OBJPL21" nbTuples="5" semantics="soft">16: 0| 7: 1| 2: 2| 0: 3| 0: 4</relation><relation arity="1" defaultCost="infinity" name="OBJPL22" nbTuples="5" semantics="soft">16: 0| 7: 1| 2: 2| 0: 3| 0: 4</relation><relation arity="1" defaultCost="infinity" name="OBJPL23" nbTuples="5" semantics="soft">16: 0| 7: 1| 2: 2| 0: 3| 0: 4</relation><relation arity="1" defaultCost="infinity" name="OBJPL24" nbTuples="5" semantics="soft">16: 0| 7: 1| 2: 2| 0: 3| 0: 4</relation><relation arity="1" defaultCost="infinity" name="OBJPL25" nbTuples="5" semantics="soft">16: 0| 7: 1| 2: 2| 0: 3| 0: 4</relation><relation arity="1" defaultCost="infinity" name="OBJPL26" nbTuples="5" semantics="soft">16: 0| 7: 1| 2: 2| 0: 3| 0: 4</relation><relation arity="1" defaultCost="infinity" name="OBJPL27" nbTuples="5" semantics="soft">16: 0| 7: 1| 2: 2| 0: 3| 0: 4</relation><relation arity="1" defaultCost="infinity" name="OBJPL28" nbTuples="5" semantics="soft">16: 0| 7: 1| 2: 2| 0: 3| 0: 4</relation><relation arity="1" defaultCost="infinity" name="OBJPL29" nbTuples="5" semantics="soft">16: 0| 7: 1| 2: 2| 0: 3| 0: 4</relation><relation arity="1" defaultCost="infinity" name="OBJPL30" nbTuples="5" semantics="soft">16: 0| 7: 1| 2: 2| 0: 3| 0: 4</relation><relation arity="1" defaultCost="infinity" name="OBJPL31" nbTuples="5" semantics="soft">16: 0| 7: 1| 2: 2| 0: 3| 0: 4</relation><relation arity="1" defaultCost="infinity" name="OBJPL32" nbTuples="5" semantics="soft">16: 0| 7: 1| 2: 2| 0: 3| 0: 4</relation><relation arity="1" defaultCost="infinity" name="OBJPL33" nbTuples="5" semantics="soft">16: 0| 7: 1| 2: 2| 0: 3| 0: 4</relation><relation arity="1" defaultCost="infinity" name="OBJPL34" nbTuples="5" semantics="soft">16: 0| 7: 1| 2: 2| 0: 3| 0: 4</relation><relation arity="1" defaultCost="infinity" name="OBJPL35" nbTuples="5" semantics="soft">16: 0| 7: 1| 2: 2| 0: 3| 0: 4</relation><relation arity="1" defaultCost="infinity" name="OBJPL36" nbTuples="5" semantics="soft">16: 0| 7: 1| 2: 2| 0: 3| 0: 4</relation><relation arity="1" defaultCost="infinity" name="OBJPL37" nbTuples="5" semantics="soft">16: 0| 7: 1| 2: 2| 0: 3| 0: 4</relation><relation arity="1" defaultCost="infinity" name="OBJPG1" nbTuples="5" semantics="soft">10: 0| 12: 1| 11: 2| 10: 3| 10: 4</relation><relation arity="1" defaultCost="infinity" name="OBJPG2" nbTuples="5" semantics="soft">10: 0| 12: 1| 11: 2| 10: 3| 10: 4</relation><relation arity="1" defaultCost="infinity" name="OBJPG3" nbTuples="5" semantics="soft">10: 0| 12: 1| 11: 2| 10: 3| 10: 4</relation><relation arity="1" defaultCost="infinity" name="OBJPG4" nbTuples="5" semantics="soft">10: 0| 12: 1| 11: 2| 10: 3| 10: 4</relation><relation arity="1" defaultCost="infinity" name="OBJPG5" nbTuples="5" semantics="soft">10: 0| 12: 1| 11: 2| 10: 3| 10: 4</relation><relation arity="1" defaultCost="infinity" name="OBJPG6" nbTuples="5" semantics="soft">10: 0| 12: 1| 11: 2| 10: 3| 10: 4</relation><relation arity="1" defaultCost="infinity" name="OBJPG7" nbTuples="5" semantics="soft">10: 0| 12: 1| 11: 2| 10: 3| 10: 4</relation><relation arity="1" defaultCost="infinity" name="OBJPG8" nbTuples="5" semantics="soft">10: 0| 12: 1| 11: 2| 10: 3| 10: 4</relation><relation arity="1" defaultCost="infinity" name="OBJPG9" nbTuples="5" semantics="soft">10: 0| 12: 1| 11: 2| 10: 3| 10: 4</relation><relation arity="1" defaultCost="infinity" name="OBJPG10" nbTuples="5" semantics="soft">10: 0| 12: 1| 11: 2| 10: 3| 10: 4</relation><relation arity="1" defaultCost="infinity" name="OBJPG11" nbTuples="5" semantics="soft">10: 0| 12: 1| 11: 2| 10: 3| 10: 4</relation><relation arity="1" defaultCost="infinity" name="OBJPG12" nbTuples="5" semantics="soft">10: 0| 12: 1| 11: 2| 10: 3| 10: 4</relation><relation arity="1" defaultCost="infinity" name="OBJPG13" nbTuples="5" semantics="soft">10: 0| 12: 1| 11: 2| 10: 3| 10: 4</relation><relation arity="1" defaultCost="infinity" name="OBJPG14" nbTuples="5" semantics="soft">10: 0| 12: 1| 11: 2| 10: 3| 10: 4</relation><relation arity="1" defaultCost="infinity" name="OBJPG15" nbTuples="5" semantics="soft">10: 0| 12: 1| 11: 2| 10: 3| 10: 4</relation><relation arity="1" defaultCost="infinity" name="OBJPG16" nbTuples="5" semantics="soft">10: 0| 12: 1| 11: 2| 10: 3| 10: 4</relation><relation arity="1" defaultCost="infinity" name="OBJPG17" nbTuples="5" semantics="soft">10: 0| 12: 1| 11: 2| 10: 3| 10: 4</relation><relation arity="1" defaultCost="infinity" name="OBJPG18" nbTuples="5" semantics="soft">10: 0| 12: 1| 11: 2| 10: 3| 10: 4</relation><relation arity="1" defaultCost="infinity" name="OBJPG19" nbTuples="5" semantics="soft">10: 0| 12: 1| 11: 2| 10: 3| 10: 4</relation><relation arity="1" defaultCost="infinity" name="OBJPG20" nbTuples="5" semantics="soft">10: 0| 12: 1| 11: 2| 10: 3| 10: 4</relation><relation arity="1" defaultCost="infinity" name="OBJPG21" nbTuples="5" semantics="soft">10: 0| 12: 1| 11: 2| 10: 3| 10: 4</relation><relation arity="1" defaultCost="infinity" name="OBJPG22" nbTuples="5" semantics="soft">10: 0| 12: 1| 11: 2| 10: 3| 10: 4</relation><relation arity="1" defaultCost="infinity" name="OBJPG23" nbTuples="5" semantics="soft">10: 0| 12: 1| 11: 2| 10: 3| 10: 4</relation><relation arity="1" defaultCost="infinity" name="OBJPG24" nbTuples="5" semantics="soft">10: 0| 12: 1| 11: 2| 10: 3| 10: 4</relation><relation arity="1" defaultCost="infinity" name="OBJPG25" nbTuples="5" semantics="soft">10: 0| 12: 1| 11: 2| 10: 3| 10: 4</relation><relation arity="1" defaultCost="infinity" name="OBJPG26" nbTuples="5" semantics="soft">10: 0| 12: 1| 11: 2| 10: 3| 10: 4</relation><relation arity="1" defaultCost="infinity" name="OBJPG27" nbTuples="5" semantics="soft">10: 0| 12: 1| 11: 2| 10: 3| 10: 4</relation><relation arity="1" defaultCost="infinity" name="OBJPG28" nbTuples="5" semantics="soft">10: 0| 12: 1| 11: 2| 10: 3| 10: 4</relation><relation arity="1" defaultCost="infinity" name="OBJPG29" nbTuples="5" semantics="soft">10: 0| 12: 1| 11: 2| 10: 3| 10: 4</relation><relation arity="1" defaultCost="infinity" name="OBJPG30" nbTuples="5" semantics="soft">10: 0| 12: 1| 11: 2| 10: 3| 10: 4</relation><relation arity="1" defaultCost="infinity" name="OBJPG31" nbTuples="5" semantics="soft">10: 0| 12: 1| 11: 2| 10: 3| 10: 4</relation><relation arity="1" defaultCost="infinity" name="OBJPG32" nbTuples="5" semantics="soft">10: 0| 12: 1| 11: 2| 10: 3| 10: 4</relation><relation arity="1" defaultCost="infinity" name="OBJPG33" nbTuples="5" semantics="soft">10: 0| 12: 1| 11: 2| 10: 3| 10: 4</relation><relation arity="1" defaultCost="infinity" name="OBJPG34" nbTuples="5" semantics="soft">10: 0| 12: 1| 11: 2| 10: 3| 10: 4</relation><relation arity="1" defaultCost="infinity" name="OBJPG35" nbTuples="5" semantics="soft">10: 0| 12: 1| 11: 2| 10: 3| 10: 4</relation><relation arity="1" defaultCost="infinity" name="OBJPG36" nbTuples="5" semantics="soft">10: 0| 12: 1| 11: 2| 10: 3| 10: 4</relation><relation arity="1" defaultCost="infinity" name="OBJPG37" nbTuples="5" semantics="soft">10: 0| 12: 1| 11: 2| 10: 3| 10: 4</relation></relations><constraints nbConstraints="147"><constraint arity="2" name="pt12_and_pt21_are_EQO" reference="EQO" scope="pt12 pt21"/><constraint arity="2" name="pt23_and_pt32_are_EQO" reference="EQO" scope="pt23 pt32"/><constraint arity="2" name="pt24_and_pt42_are_EQO" reference="EQO" scope="pt24 pt42"/><constraint arity="2" name="pt417_and_pt174_are_EQO" reference="EQO" scope="pt417 pt174"/><constraint arity="2" name="pt45_and_pt54_are_EQO" reference="EQO" scope="pt45 pt54"/><constraint arity="2" name="pt47_and_pt74_are_EQO" reference="EQO" scope="pt47 pt74"/><constraint arity="2" name="pt56_and_pt65_are_EQO" reference="EQO" scope="pt56 pt65"/><constraint arity="2" name="pt78_and_pt87_are_EQO" reference="EQO" scope="pt78 pt87"/><constraint arity="2" name="pt810_and_pt108_are_EQO" reference="EQO" scope="pt810 pt108"/><constraint arity="2" name="pt89_and_pt98_are_EQO" reference="EQO" scope="pt89 pt98"/><constraint arity="2" name="pt912_and_pt129_are_EQO" reference="EQO" scope="pt912 pt129"/><constraint arity="2" name="pt914_and_pt149_are_EQO" reference="EQO" scope="pt914 pt149"/><constraint arity="2" name="pt1011_and_pt1110_are_EQO" reference="EQO" scope="pt1011 pt1110"/><constraint arity="2" name="pt1213_and_pt1312_are_EQO" reference="EQO" scope="pt1213 pt1312"/><constraint arity="2" name="pt1415_and_pt1514_are_EQO" reference="EQO" scope="pt1415 pt1514"/><constraint arity="2" name="pt1416_and_pt1614_are_EQO" reference="EQO" scope="pt1416 pt1614"/><constraint arity="2" name="pt1718_and_pt1817_are_EQO" reference="EQO" scope="pt1718 pt1817"/><constraint arity="2" name="pt1722_and_pt2217_are_EQO" reference="EQO" scope="pt1722 pt2217"/><constraint arity="2" name="pt1819_and_pt1918_are_EQO" reference="EQO" scope="pt1819 pt1918"/><constraint arity="2" name="pt1920_and_pt2019_are_EQO" reference="EQO" scope="pt1920 pt2019"/><constraint arity="2" name="pt1921_and_pt2119_are_EQO" reference="EQO" scope="pt1921 pt2119"/><constraint arity="2" name="pt2223_and_pt2322_are_EQO" reference="EQO" scope="pt2223 pt2322"/><constraint arity="2" name="pt2324_and_pt2423_are_EQO" reference="EQO" scope="pt2324 pt2423"/><constraint arity="2" name="pt2325_and_pt2523_are_EQO" reference="EQO" scope="pt2325 pt2523"/><constraint arity="2" name="pt2326_and_pt2623_are_EQO" reference="EQO" scope="pt2326 pt2623"/><constraint arity="2" name="pt2627_and_pt2726_are_EQO" reference="EQO" scope="pt2627 pt2726"/><constraint arity="2" name="pt2628_and_pt2826_are_EQO" reference="EQO" scope="pt2628 pt2826"/><constraint arity="2" name="pt2829_and_pt2928_are_EQO" reference="EQO" scope="pt2829 pt2928"/><constraint arity="2" name="pt2930_and_pt3029_are_EQO" reference="EQO" scope="pt2930 pt3029"/><constraint arity="2" name="pt2935_and_pt3529_are_EQO" reference="EQO" scope="pt2935 pt3529"/><constraint arity="2" name="pt3031_and_pt3130_are_EQO" reference="EQO" scope="pt3031 pt3130"/><constraint arity="2" name="pt3132_and_pt3231_are_EQO" reference="EQO" scope="pt3132 pt3231"/><constraint arity="2" name="pt3233_and_pt3332_are_EQO" reference="EQO" scope="pt3233 pt3332"/><constraint arity="2" name="pt3234_and_pt3432_are_EQO" reference="EQO" scope="pt3234 pt3432"/><constraint arity="2" name="pt3536_and_pt3635_are_EQO" reference="EQO" scope="pt3536 pt3635"/><constraint arity="2" name="pt3537_and_pt3735_are_EQO" reference="EQO" scope="pt3537 pt3735"/><constraint arity="3" name="pg1_pl1_pt12_are_balanced" reference="BALANCE1" scope="pg1 pl1 pt12"/><constraint arity="5" name="pg2_pl2_pt21_pt23_pt24_are_balanced" reference="BALANCE3" scope="pg2 pl2 pt21 pt23 pt24"/><constraint arity="3" name="pg3_pl3_pt32_are_balanced" reference="BALANCE1" scope="pg3 pl3 pt32"/><constraint arity="6" name="pg4_pl4_pt417_pt42_pt45_pt47_are_balanced" reference="BALANCE4" scope="pg4 pl4 pt417 pt42 pt45 pt47"/><constraint arity="4" name="pg5_pl5_pt54_pt56_are_balanced" reference="BALANCE2" scope="pg5 pl5 pt54 pt56"/><constraint arity="3" name="pg6_pl6_pt65_are_balanced" reference="BALANCE1" scope="pg6 pl6 pt65"/><constraint arity="4" name="pg7_pl7_pt74_pt78_are_balanced" reference="BALANCE2" scope="pg7 pl7 pt74 pt78"/><constraint arity="5" name="pg8_pl8_pt810_pt87_pt89_are_balanced" reference="BALANCE3" scope="pg8 pl8 pt810 pt87 pt89"/><constraint arity="5" name="pg9_pl9_pt912_pt914_pt98_are_balanced" reference="BALANCE3" scope="pg9 pl9 pt912 pt914 pt98"/><constraint arity="4" name="pg10_pl10_pt1011_pt108_are_balanced" reference="BALANCE2" scope="pg10 pl10 pt1011 pt108"/><constraint arity="3" name="pg11_pl11_pt1110_are_balanced" reference="BALANCE1" scope="pg11 pl11 pt1110"/><constraint arity="4" name="pg12_pl12_pt1213_pt129_are_balanced" reference="BALANCE2" scope="pg12 pl12 pt1213 pt129"/><constraint arity="3" name="pg13_pl13_pt1312_are_balanced" reference="BALANCE1" scope="pg13 pl13 pt1312"/><constraint arity="5" name="pg14_pl14_pt1415_pt1416_pt149_are_balanced" reference="BALANCE3" scope="pg14 pl14 pt1415 pt1416 pt149"/><constraint arity="3" name="pg15_pl15_pt1514_are_balanced" reference="BALANCE1" scope="pg15 pl15 pt1514"/><constraint arity="3" name="pg16_pl16_pt1614_are_balanced" reference="BALANCE1" scope="pg16 pl16 pt1614"/><constraint arity="5" name="pg17_pl17_pt1718_pt1722_pt174_are_balanced" reference="BALANCE3" scope="pg17 pl17 pt1718 pt1722 pt174"/><constraint arity="4" name="pg18_pl18_pt1817_pt1819_are_balanced" reference="BALANCE2" scope="pg18 pl18 pt1817 pt1819"/><constraint arity="5" name="pg19_pl19_pt1918_pt1920_pt1921_are_balanced" reference="BALANCE3" scope="pg19 pl19 pt1918 pt1920 pt1921"/><constraint arity="3" name="pg20_pl20_pt2019_are_balanced" reference="BALANCE1" scope="pg20 pl20 pt2019"/><constraint arity="3" name="pg21_pl21_pt2119_are_balanced" reference="BALANCE1" scope="pg21 pl21 pt2119"/><constraint arity="4" name="pg22_pl22_pt2217_pt2223_are_balanced" reference="BALANCE2" scope="pg22 pl22 pt2217 pt2223"/><constraint arity="6" name="pg23_pl23_pt2322_pt2324_pt2325_pt2326_are_balanced" reference="BALANCE4" scope="pg23 pl23 pt2322 pt2324 pt2325 pt2326"/><constraint arity="3" name="pg24_pl24_pt2423_are_balanced" reference="BALANCE1" scope="pg24 pl24 pt2423"/><constraint arity="3" name="pg25_pl25_pt2523_are_balanced" reference="BALANCE1" scope="pg25 pl25 pt2523"/><constraint arity="5" name="pg26_pl26_pt2623_pt2627_pt2628_are_balanced" reference="BALANCE3" scope="pg26 pl26 pt2623 pt2627 pt2628"/><constraint arity="3" name="pg27_pl27_pt2726_are_balanced" reference="BALANCE1" scope="pg27 pl27 pt2726"/><constraint arity="4" name="pg28_pl28_pt2826_pt2829_are_balanced" reference="BALANCE2" scope="pg28 pl28 pt2826 pt2829"/><constraint arity="5" name="pg29_pl29_pt2928_pt2930_pt2935_are_balanced" reference="BALANCE3" scope="pg29 pl29 pt2928 pt2930 pt2935"/><constraint arity="4" name="pg30_pl30_pt3029_pt3031_are_balanced" reference="BALANCE2" scope="pg30 pl30 pt3029 pt3031"/><constraint arity="4" name="pg31_pl31_pt3130_pt3132_are_balanced" reference="BALANCE2" scope="pg31 pl31 pt3130 pt3132"/><constraint arity="5" name="pg32_pl32_pt3231_pt3233_pt3234_are_balanced" reference="BALANCE3" scope="pg32 pl32 pt3231 pt3233 pt3234"/><constraint arity="3" name="pg33_pl33_pt3332_are_balanced" reference="BALANCE1" scope="pg33 pl33 pt3332"/><constraint arity="3" name="pg34_pl34_pt3432_are_balanced" reference="BALANCE1" scope="pg34 pl34 pt3432"/><constraint arity="5" name="pg35_pl35_pt3529_pt3536_pt3537_are_balanced" reference="BALANCE3" scope="pg35 pl35 pt3529 pt3536 pt3537"/><constraint arity="3" name="pg36_pl36_pt3635_are_balanced" reference="BALANCE1" scope="pg36 pl36 pt3635"/><constraint arity="3" name="pg37_pl37_pt3735_are_balanced" reference="BALANCE1" scope="pg37 pl37 pt3735"/><constraint arity="1" name="Agent_1_Objective_Function_G" reference="OBJPG1" scope="pg1"/><constraint arity="1" name="Agent_2_Objective_Function_G" reference="OBJPG2" scope="pg2"/><constraint arity="1" name="Agent_3_Objective_Function_G" reference="OBJPG3" scope="pg3"/><constraint arity="1" name="Agent_4_Objective_Function_G" reference="OBJPG4" scope="pg4"/><constraint arity="1" name="Agent_5_Objective_Function_G" reference="OBJPG5" scope="pg5"/><constraint arity="1" name="Agent_6_Objective_Function_G" reference="OBJPG6" scope="pg6"/><constraint arity="1" name="Agent_7_Objective_Function_G" reference="OBJPG7" scope="pg7"/><constraint arity="1" name="Agent_8_Objective_Function_G" reference="OBJPG8" scope="pg8"/><constraint arity="1" name="Agent_9_Objective_Function_G" reference="OBJPG9" scope="pg9"/><constraint arity="1" name="Agent_10_Objective_Function_G" reference="OBJPG10" scope="pg10"/><constraint arity="1" name="Agent_11_Objective_Function_G" reference="OBJPG11" scope="pg11"/><constraint arity="1" name="Agent_12_Objective_Function_G" reference="OBJPG12" scope="pg12"/><constraint arity="1" name="Agent_13_Objective_Function_G" reference="OBJPG13" scope="pg13"/><constraint arity="1" name="Agent_14_Objective_Function_G" reference="OBJPG14" scope="pg14"/><constraint arity="1" name="Agent_15_Objective_Function_G" reference="OBJPG15" scope="pg15"/><constraint arity="1" name="Agent_16_Objective_Function_G" reference="OBJPG16" scope="pg16"/><constraint arity="1" name="Agent_17_Objective_Function_G" reference="OBJPG17" scope="pg17"/><constraint arity="1" name="Agent_18_Objective_Function_G" reference="OBJPG18" scope="pg18"/><constraint arity="1" name="Agent_19_Objective_Function_G" reference="OBJPG19" scope="pg19"/><constraint arity="1" name="Agent_20_Objective_Function_G" reference="OBJPG20" scope="pg20"/><constraint arity="1" name="Agent_21_Objective_Function_G" reference="OBJPG21" scope="pg21"/><constraint arity="1" name="Agent_22_Objective_Function_G" reference="OBJPG22" scope="pg22"/><constraint arity="1" name="Agent_23_Objective_Function_G" reference="OBJPG23" scope="pg23"/><constraint arity="1" name="Agent_24_Objective_Function_G" reference="OBJPG24" scope="pg24"/><constraint arity="1" name="Agent_25_Objective_Function_G" reference="OBJPG25" scope="pg25"/><constraint arity="1" name="Agent_26_Objective_Function_G" reference="OBJPG26" scope="pg26"/><constraint arity="1" name="Agent_27_Objective_Function_G" reference="OBJPG27" scope="pg27"/><constraint arity="1" name="Agent_28_Objective_Function_G" reference="OBJPG28" scope="pg28"/><constraint arity="1" name="Agent_29_Objective_Function_G" reference="OBJPG29" scope="pg29"/><constraint arity="1" name="Agent_30_Objective_Function_G" reference="OBJPG30" scope="pg30"/><constraint arity="1" name="Agent_31_Objective_Function_G" reference="OBJPG31" scope="pg31"/><constraint arity="1" name="Agent_32_Objective_Function_G" reference="OBJPG32" scope="pg32"/><constraint arity="1" name="Agent_33_Objective_Function_G" reference="OBJPG33" scope="pg33"/><constraint arity="1" name="Agent_34_Objective_Function_G" reference="OBJPG34" scope="pg34"/><constraint arity="1" name="Agent_35_Objective_Function_G" reference="OBJPG35" scope="pg35"/><constraint arity="1" name="Agent_36_Objective_Function_G" reference="OBJPG36" scope="pg36"/><constraint arity="1" name="Agent_37_Objective_Function_G" reference="OBJPG37" scope="pg37"/><constraint arity="1" name="Agent_1_Objective_Function_L" reference="OBJPL1" scope="pl1"/><constraint arity="1" name="Agent_2_Objective_Function_L" reference="OBJPL2" scope="pl2"/><constraint arity="1" name="Agent_3_Objective_Function_L" reference="OBJPL3" scope="pl3"/><constraint arity="1" name="Agent_4_Objective_Function_L" reference="OBJPL4" scope="pl4"/><constraint arity="1" name="Agent_5_Objective_Function_L" reference="OBJPL5" scope="pl5"/><constraint arity="1" name="Agent_6_Objective_Function_L" reference="OBJPL6" scope="pl6"/><constraint arity="1" name="Agent_7_Objective_Function_L" reference="OBJPL7" scope="pl7"/><constraint arity="1" name="Agent_8_Objective_Function_L" reference="OBJPL8" scope="pl8"/><constraint arity="1" name="Agent_9_Objective_Function_L" reference="OBJPL9" scope="pl9"/><constraint arity="1" name="Agent_10_Objective_Function_L" reference="OBJPL10" scope="pl10"/><constraint arity="1" name="Agent_11_Objective_Function_L" reference="OBJPL11" scope="pl11"/><constraint arity="1" name="Agent_12_Objective_Function_L" reference="OBJPL12" scope="pl12"/><constraint arity="1" name="Agent_13_Objective_Function_L" reference="OBJPL13" scope="pl13"/><constraint arity="1" name="Agent_14_Objective_Function_L" reference="OBJPL14" scope="pl14"/><constraint arity="1" name="Agent_15_Objective_Function_L" reference="OBJPL15" scope="pl15"/><constraint arity="1" name="Agent_16_Objective_Function_L" reference="OBJPL16" scope="pl16"/><constraint arity="1" name="Agent_17_Objective_Function_L" reference="OBJPL17" scope="pl17"/><constraint arity="1" name="Agent_18_Objective_Function_L" reference="OBJPL18" scope="pl18"/><constraint arity="1" name="Agent_19_Objective_Function_L" reference="OBJPL19" scope="pl19"/><constraint arity="1" name="Agent_20_Objective_Function_L" reference="OBJPL20" scope="pl20"/><constraint arity="1" name="Agent_21_Objective_Function_L" reference="OBJPL21" scope="pl21"/><constraint arity="1" name="Agent_22_Objective_Function_L" reference="OBJPL22" scope="pl22"/><constraint arity="1" name="Agent_23_Objective_Function_L" reference="OBJPL23" scope="pl23"/><constraint arity="1" name="Agent_24_Objective_Function_L" reference="OBJPL24" scope="pl24"/><constraint arity="1" name="Agent_25_Objective_Function_L" reference="OBJPL25" scope="pl25"/><constraint arity="1" name="Agent_26_Objective_Function_L" reference="OBJPL26" scope="pl26"/><constraint arity="1" name="Agent_27_Objective_Function_L" reference="OBJPL27" scope="pl27"/><constraint arity="1" name="Agent_28_Objective_Function_L" reference="OBJPL28" scope="pl28"/><constraint arity="1" name="Agent_29_Objective_Function_L" reference="OBJPL29" scope="pl29"/><constraint arity="1" name="Agent_30_Objective_Function_L" reference="OBJPL30" scope="pl30"/><constraint arity="1" name="Agent_31_Objective_Function_L" reference="OBJPL31" scope="pl31"/><constraint arity="1" name="Agent_32_Objective_Function_L" reference="OBJPL32" scope="pl32"/><constraint arity="1" name="Agent_33_Objective_Function_L" reference="OBJPL33" scope="pl33"/><constraint arity="1" name="Agent_34_Objective_Function_L" reference="OBJPL34" scope="pl34"/><constraint arity="1" name="Agent_35_Objective_Function_L" reference="OBJPL35" scope="pl35"/><constraint arity="1" name="Agent_36_Objective_Function_L" reference="OBJPL36" scope="pl36"/><constraint arity="1" name="Agent_37_Objective_Function_L" reference="OBJPL37" scope="pl37"/></constraints></instance>